player_id,player_name
76001,"Abdelnaby, Alaa"
76002,"Abdul-Aziz, Zaid"
76003,"Abdul-Jabbar, Kareem"
51,"Abdul-Rauf, Mahmoud"
1505,"Abdul-Wahad, Tariq"
949,"Abdur-Rahim, Shareef"
76005,"Abernethy, Tom"
76006,"Able, Forest"
76007,"Abramovic, John"
101165,"Acker, Alex"
76008,"Ackerman, Donald"
76009,"Acres, Mark"
76010,"Acton, Charles"
203112,"Acy, Quincy"
76011,"Adams, Alvan"
76012,"Adams, Don"
200801,"Adams, Hassan"
203919,"Adams, Jordan"
149,"Adams, Michael"
203500,"Adams, Steven"
912,"Addison, Rafael"
76015,"Adelman, Rick"
202399,"Adrien, Jeff"
201167,"Afflalo, Arron"
200772,"Ager, Maurice"
76016,"Aguirre, Mark"
201336,"Ahearn, Blake"
76017,"Ainge, Danny"
201582,"Ajinca, Alexis"
76018,"Akin, Henry"
203006,"Akognon, Josh"
202374,"Alabi, Solomon"
76019,"Alarie, Mark"
76020,"Alcorn, Gary"
203128,"Aldemir, Furkan"
202332,"Aldrich, Cole"
200746,"Aldridge, LaMarcus"
76021,"Aleksinas, Chuck"
1626146,"Alexander, Cliff"
724,"Alexander, Cory"
2042,"Alexander, Courtney"
76022,"Alexander, Gary"
201570,"Alexander, Joe"
2349,"Alexander, Victor"
76024,"Alford, Steve"
76028,"Allen, Bob"
706,"Allen, Jerome"
202730,"Allen, Lavoy"
76027,"Allen, Lucius"
2124,"Allen, Malik"
76025,"Allen, Randy"
951,"Allen, Ray"
2754,"Allen, Tony"
76029,"Allison, Odis"
200984,"Allred, Lance"
76030,"Allums, Darrell"
201165,"Almond, Morris"
308,"Alston, Derrick"
1747,"Alston, Rafer"
1824,"Aluma, Peter"
680,"Amaechi, John"
732,"Amaya, Ashraf"
202329,"Aminu, Al-Farouq"
200811,"Amundson, Lou"
76034,"Anderegg, Bob"
2365,"Andersen, Chris"
2431,"Andersen, David"
101187,"Anderson, Alan"
202079,"Anderson, Antonio"
76035,"Anderson, Cliff"
76036,"Anderson, Daniel"
1507,"Anderson, Derek"
76037,"Anderson, Dwight"
944,"Anderson, Eric"
246,"Anderson, Greg"
202341,"Anderson, James"
76040,"Anderson, Jerome"
1626147,"Anderson, Justin"
72,"Anderson, Kenny"
76041,"Anderson, Kim"
203937,"Anderson, Kyle"
76042,"Anderson, Michael"
76043,"Anderson, Mitchell"
98,"Anderson, Nick"
76045,"Anderson, Richard"
76046,"Anderson, Ron"
201583,"Anderson, Ryan"
1000,"Anderson, Shandon"
335,"Anderson, Willie"
76048,"Anderzunas, Wally"
101149,"Andriuskevicius, Martynas"
76049,"Anielak, Don"
76050,"Ansley, Michael"
1512,"Anstey, Chris"
203507,"Antetokounmpo, Giannis"
2546,"Anthony, Carmelo"
21,"Anthony, Greg"
201202,"Anthony, Joel"
203544,"Antic, Pero"
2737,"Araujo, Rafael"
76053,"Arceneaux, Stacey"
76054,"Archibald, Nate"
2425,"Archibald, Robert"
76055,"Ard, Jim"
2240,"Arenas, Gilbert"
2772,"Ariza, Trevor"
76056,"Arizin, Paul"
76057,"Arlauckas, Joe"
769,"Armstrong, B.J."
76061,"Armstrong, Bob"
2220,"Armstrong, Brandon"
353,"Armstrong, Darrell"
200756,"Armstrong, Hilton"
76060,"Armstrong, Paul"
76059,"Armstrong, Tate"
76062,"Arnelle, Jesse"
76063,"Arnette, Jay"
76064,"Arnzen, Bob"
2306,"Arroyo, Carlos"
201589,"Arthur, Darrell"
76065,"Arthurs, John"
201600,"Asik, Omer"
355,"Askew, Vincent"
173,"Askins, Keith"
76068,"Asmonga, Don"
76069,"Atha, Richard"
1088,"Atkins, Chucky"
76070,"Attles, Alvin"
76071,"Aubuchon, Chet"
278,"Augmon, Stacey"
201571,"Augustin, D.J."
200788,"Augustine, James"
1134,"Austin, Ike"
76073,"Austin, John"
76074,"Austin, Ken"
138,"Avent, Anthony"
76076,"Averitt, William"
1895,"Avery, William"
76078,"Awtrey, Dennis"
202970,"Ayon, Gustavo"
201965,"Ayres, Jeff"
101235,"Azubuike, Kelenna"
203569,"Babb, Chris"
202337,"Babbitt, Luke"
76079,"Babic, Milos"
76080,"Bach, Johnny"
76081,"Baechtold, Jim"
2053,"Bagaric, Dalibor"
76082,"Bagley, John"
76084,"Bailey, Carl"
76083,"Bailey, Gus"
76085,"Bailey, James"
1847,"Bailey, Thurl"
1753,"Bailey, Toby"
203946,"Bairstow, Cameron"
1858,"Baker, Mark"
2486,"Baker, Maurice"
76089,"Baker, Norm"
452,"Baker, Vin"
200764,"Balkman, Renaldo"
76090,"Ball, Cedric"
76091,"Ballard, Greg"
76092,"Baltimore, Herschel"
76093,"Banks, Gene"
2556,"Banks, Marcus"
76094,"Bannister, Ken"
76095,"Bantom, Mike"
76096,"Barber, John"
2571,"Barbosa, Leandro"
76097,"Bardo, Stephen"
200826,"Barea, Jose Juan"
200745,"Bargnani, Andrea"
76098,"Barker, Cliff"
76099,"Barker, Tom"
787,"Barkley, Charles"
2057,"Barkley, Erick"
76102,"Barksdale, Don"
203084,"Barnes, Harrison"
76103,"Barnes, Harry"
76105,"Barnes, Jim"
76104,"Barnes, Marvin"
2440,"Barnes, Matt"
76107,"Barnett, Dick"
76106,"Barnett, Jim"
76108,"Barnhill, John"
76109,"Barnhill, Norton"
76110,"Barnhorst, Leo"
76111,"Barr, John"
76112,"Barr, Mike"
76113,"Barr, Thomas"
2857,"Barrett, Andre"
76114,"Barrett, Ernie"
2853,"Barron, Earl"
344,"Barros, Dana"
699,"Barry, Brent"
1003,"Barry, Drew"
468,"Barry, Jon"
600013,"Barry, Rick"
76117,"Bartels, Ed"
76118,"Bartolome, Vic"
203115,"Barton, Will"
101188,"Basden, Eddie"
76119,"Baskerville, Jerry"
101138,"Bass, Brandon"
76120,"Bassett, Tim"
1766,"Baston, Maceo"
2370,"Bateer, Mengke"
76121,"Bates, Billyray"
101212,"Batista, Esteban"
2471,"Batiste, Mike"
1499,"Battie, Tony"
2203,"Battier, Shane"
174,"Battle, John"
76123,"Battle, Kenny"
76124,"Batton, Dave"
201587,"Batum, Nicolas"
76125,"Baum, Johnny"
76126,"Baumholtz, Frankie"
2437,"Baxter, Lonny"
201573,"Bayless, Jerryd"
76127,"Baylor, Elgin"
203382,"Baynes, Aron"
76128,"Bazarevich, Sergei"
203145,"Bazemore, Kent"
76129,"Beach, Ed"
203078,"Beal, Bradley"
76130,"Beard, Butch"
76131,"Beard, Ralph"
2602,"Beasley, Jerome"
201563,"Beasley, Michael"
76133,"Beaty, Zelmo"
201958,"Beaubois, Rodrigue"
76134,"Beck, Byron"
1133,"Beck, Corey"
76136,"Beck, Ernie"
76137,"Becker, Moe"
76138,"Bedford, William"
76139,"Beenders, Hank"
76140,"Behagen, Ron"
76141,"Behnke, Elmer"
201158,"Belinelli, Marco"
2294,"Bell, Charlie"
76142,"Bell, Dennis"
1952,"Bell, Raja"
2559,"Bell, Troy"
76143,"Bell, William"
76144,"Bellamy, Walt"
76145,"Bemoras, Irv"
76146,"Benbow, Leon"
1886,"Bender, Jonathan"
203968,"Benimon, Jerrelle"
104,"Benjamin, Benoit"
1736,"Benjamin, Corey"
203461,"Bennett, Anthony"
1120,"Bennett, Elmer"
712,"Bennett, Mario"
76151,"Bennett, Mel"
76148,"Bennett, Tony"
76152,"Bennett, Winston"
128,"Benoit, David"
202728,"Benson, Keith"
76154,"Benson, Kent"
76155,"Berce, Gene"
76156,"Bergen, Gary"
76157,"Berry, Ricky"
76158,"Berry, Walter"
76159,"Beshore, Del"
696,"Best, Travis"
201976,"Beverley, Patrick"
204021,"Bhullar, Sim"
76160,"Bianchi, Al"
76161,"Biasatti, Hank"
76162,"Bibby, Henry"
1710,"Bibby, Mike"
76163,"Biedenbach, Ed"
2740,"Biedrins, Andris"
76164,"Bielke, Don"
76165,"Bigelow, Bob"
1497,"Billups, Chauncey"
76166,"Bing, Dave"
76167,"Binion, Joe"
76168,"Bird, Jerry"
1449,"Bird, Larry"
76170,"Birdsong, Otis"
76171,"Bishop, Gale"
202687,"Biyombo, Bismack"
202357,"Bjelica, Nemanja"
76172,"Blab, Uwe"
76173,"Black, Charlie"
76174,"Black, Norman"
204028,"Black, Tarik"
76175,"Black, Tom"
76176,"Blackman, Rolando"
76180,"Blackwell, Alex"
76177,"Blackwell, Cory"
1806,"Blackwell, James"
76179,"Blackwell, Nate"
201971,"Blair, DeJuan"
2581,"Blake, Steve"
202392,"Blakely, Marqus"
200807,"Blalock, Will"
76182,"Blaney, George"
76183,"Blanks, Lance"
76184,"Blanton, Ricky"
101154,"Blatche, Andray"
302,"Blaylock, Mookie"
202339,"Bledsoe, Eric"
76186,"Blevins, Leon"
76187,"Block, John"
76188,"Bloom, Mike"
916,"Blount, Corie"
1548,"Blount, Mark"
203505,"Blue, Vander"
76189,"Blume, Ray"
76190,"Bobb, Nelson"
2800,"Bobbitt, Tony"
76191,"Bockhorn, Arlen"
76192,"Boerwinkle, Tom"
2586,"Bogans, Keith"
202711,"Bogdanovic, Bojan"
177,"Bogues, Muggsy"
101106,"Bogut, Andrew"
1564,"Bohannon, Etdrick"
76195,"Bol, Manute"
76196,"Bolger, Bill"
76197,"Bolstorff, Doug"
76203,"Bon Salle, George H."
76198,"Bond, Phil"
1603,"Bond, Walter"
1121,"Boney, Dexter"
76201,"Bonham, Ron"
41,"Bonner, Anthony"
2588,"Bonner, Matt"
1626164,"Booker, Devin"
511,"Booker, Melvin"
202344,"Booker, Trevor"
200767,"Boone, Josh"
76204,"Boone, Ron"
1916,"Booth, Calvin"
1522,"Booth, Keith"
76206,"Boozer, Bob"
2430,"Boozer, Carlos"
2414,"Borchardt, Curtis"
76207,"Bornheimer, Jake"
1953,"Borrell, Lazaro"
76209,"Borsavage, Costic"
76210,"Boryla, Vince"
2547,"Bosh, Chris"
76211,"Bostic, Jim"
76212,"Boston, Lawrence"
76213,"Boswell, Tom"
2257,"Boumtje-Boumtje, Ruben"
76214,"Boven, Don"
1898,"Bowdler, Cal"
1477,"Bowen, Bruce"
1763,"Bowen, Ryan"
194,"Bowie, Anthony"
76217,"Bowie, Sam"
1085,"Bowman, Ira"
76219,"Bowman, Nate"
671,"Boyce, Donnie"
76221,"Boyd, Dennis"
76222,"Boyd, Fred"
76223,"Boyd, Ken"
1863,"Boykins, Earl"
76224,"Boykoff, Harry"
76225,"Boynes, Winford"
200841,"Bozeman, Cedric"
76226,"Bracey, Steve"
202342,"Brackins, Craig"
76227,"Bradds, Gary"
76228,"Bradley, Alex"
76229,"Bradley, Alonzo"
202340,"Bradley, Avery"
76233,"Bradley, Bill"
76230,"Bradley, Charles"
76231,"Bradley, Dudley"
76232,"Bradley, Joe"
2214,"Bradley, Michael"
762,"Bradley, Shawn"
1361,"Bradtke, Mark"
66,"Bragg, Marques"
1765,"Braggs, Torraye"
1920,"Bramlett, A.J."
76237,"Branch, Adrian"
1882,"Brand, Elton"
210,"Brandon, Terrell"
76238,"Brannum, Bob"
76239,"Branson, Brad"
76240,"Branson, Jesse"
76241,"Brasco, Jim"
76242,"Bratz, Mike"
76243,"Braun, Carl"
160,"Breaux, Tim"
2452,"Bremer, J.R."
76245,"Brennan, Pete"
76246,"Brennan, Tom"
76247,"Breuer, Randy"
201147,"Brewer, Corey"
2249,"Brewer, Jamison"
76248,"Brewer, Jim"
76249,"Brewer, Ron"
200758,"Brewer, Ronnie"
2056,"Brezec, Primoz"
76250,"Brian, Frank"
783,"Brickowski, Frank"
76252,"Bridgeman, Junior"
76253,"Bridges, Bill"
76254,"Brightman, Al"
76255,"Brindley, Audley"
76256,"Brisker, John"
76257,"Bristow, Allan"
76258,"Britt, Tyrone"
76259,"Britt, Wayman"
76260,"Brittain, Mike"
76261,"Britton, David"
201972,"Brockman, Jon"
76262,"Brogan, Jim"
76263,"Brokaw, Gary"
76264,"Brookfield, Price"
201166,"Brooks, Aaron"
76265,"Brooks, Kevin"
202705,"Brooks, MarShon"
76266,"Brooks, Michael"
418,"Brooks, Scott"
2810,"Brown, Andre"
1626148,"Brown, Anthony"
76284,"Brown, Bob"
201628,"Brown, Bobby"
359,"Brown, Chucky"
2245,"Brown, Damone"
76270,"Brown, Darrell"
244,"Brown, Dee"
200793,"Brown, Dee"
201974,"Brown, Derrick"
2484,"Brown, Devin"
2081,"Brown, Ernest"
76272,"Brown, Fred"
76273,"Brown, George"
1871,"Brown, Gerald"
76275,"Brown, Harold"
203913,"Brown, Jabari"
76276,"Brown, John"
2208,"Brown, Kedrick"
2198,"Brown, Kwame"
76278,"Brown, Leon"
76279,"Brown, Lewis"
203485,"Brown, Lorenzo"
992,"Brown, Marcus"
203900,"Brown, Markel"
1479,"Brown, Mike"
76277,"Brown, Myron"
136,"Brown, P.J."
753,"Brown, Randy"
76282,"Brown, Raymond"
76283,"Brown, Rickey"
76286,"Brown, Roger"
200769,"Brown, Shannon"
76285,"Brown, Stan"
2357,"Brown, Tierre"
76268,"Brown, Tony"
76287,"Browne, Jim"
76288,"Brundy, Stanley"
1594,"Brunson, Rick"
76289,"Bryant, Emmette"
76290,"Bryant, Joe"
977,"Bryant, Kobe"
95,"Bryant, Mark"
76291,"Bryant, Wallace"
76292,"Bryn, Torgeir"
76293,"Buckhalter, Joe"
76294,"Bucknall, Steve"
76295,"Buckner, Cleveland"
1761,"Buckner, Greg"
76296,"Buckner, Quinn"
76297,"Budd, Dave"
201978,"Budinger, Chase"
76298,"Budko, Walter"
146,"Buechler, Jud"
1934,"Buford, Rodney"
672,"Bullard, Matt"
203493,"Bullock, Reggie"
76300,"Bunch, Greg"
76301,"Bunt, Dick"
76302,"Buntin, Bill"
76303,"Burden, Luther"
2469,"Burke, Pat"
203504,"Burke, Trey"
76304,"Burkman, Roger"
202692,"Burks, Alec"
2766,"Burks, Antonio"
101207,"Burleson, Kevin"
76305,"Burleson, Tom"
76306,"Burmaster, Jack"
76307,"Burns, David"
76308,"Burns, Evers"
76309,"Burns, Jim"
197,"Burrell, Scott"
76311,"Burris, Art"
675,"Burrough, Junior"
76313,"Burrow, Bob"
76314,"Burton, Ed"
416,"Burton, Willie"
76316,"Burtt, Steve"
76317,"Buse, Don"
202221,"Butch, Brian"
76318,"Butcher, Donnie"
76319,"Butler, Al"
2406,"Butler, Caron"
202364,"Butler, Da'Sean"
76320,"Butler, Greg"
2866,"Butler, Jackie"
202710,"Butler, Jimmy"
348,"Butler, Mitchell"
2446,"Butler, Rasual"
202779,"Buycks, Dwight"
201182,"Byars, Derrick"
101115,"Bynum, Andrew"
101198,"Bynum, Will"
76321,"Byrnes, Marty"
76322,"Byrnes, Tommy"
76323,"Bytzura, Mike"
2560,"Cabarkapa, Zarko"
76324,"Cable, Barney"
203998,"Caboclo, Bruno"
679,"Caffey, Jason"
262,"Cage, Michael"
76326,"Calabrese, Gerry"
201979,"Calathes, Nick"
101181,"Calderon, Jose"
154,"Caldwell, Adrian"
76328,"Caldwell, Jim"
76329,"Caldwell, Joe"
203484,"Caldwell-Pope, Kentavious"
76331,"Calhoun, Bill"
76330,"Calhoun, Corky"
76332,"Calip, Demetrius"
76333,"Callahan, Tom"
76334,"Calloway, Rick"
76335,"Calverley, Ernie"
76336,"Calvin, Mack"
76337,"Cambridge, Dexter"
948,"Camby, Marcus"
922,"Campbell, Elden"
76338,"Campbell, Tony"
203477,"Canaan, Isaiah"
76339,"Cannon, Larry"
203991,"Capela, Clint"
202382,"Caracter, Derrick"
2073,"Cardinal, Brian"
76340,"Carl, Howie"
76341,"Carlisle, Chet"
2367,"Carlisle, Geno"
76342,"Carlisle, Rick"
76343,"Carlson, Al"
76344,"Carlson, Don"
76345,"Carney, Bob"
200760,"Carney, Rodney"
76346,"Carpenter, Bob"
156,"Carr, Antoine"
76348,"Carr, Austin"
713,"Carr, Chris"
1757,"Carr, Cory"
76350,"Carr, Kenny"
76351,"Carr, M.L."
76352,"Carrington, Bob"
201960,"Carroll, DeMarre"
76353,"Carroll, Joe Barry"
2679,"Carroll, Matt"
1131,"Carruth, Jimmy"
1853,"Carter, Anthony"
76355,"Carter, Butch"
76356,"Carter, Fred"
76357,"Carter, George"
76358,"Carter, Howard"
76359,"Carter, Jake"
2466,"Carter, Maurice"
76360,"Carter, Reggie"
76361,"Carter, Ron"
1713,"Carter, Vince"
203487,"Carter-Williams, Michael"
76362,"Cartwright, Bill"
76363,"Carty, Jay"
76364,"Cash, Cornelius"
208,"Cassell, Sam"
201956,"Casspi, Omri"
76365,"Catchings, Harvey"
767,"Catledge, Terry"
76367,"Catlett, Sid"
1509,"Cato, Kelvin"
76368,"Cattage, Bobby"
1626161,"Cauley-Stein, Willie"
190,"Causwell, Duane"
76370,"Cavenall, Ron"
76,"Ceballos, Cedric"
1911,"Celestand, John"
76373,"Cervi, Al"
2763,"Chalmers, Lionel"
201596,"Chalmers, Mario"
76374,"Chamberlain, Bill"
76375,"Chamberlain, Wilt"
76376,"Chambers, Jerry"
1472,"Chambers, Tom"
76378,"Champion, Mike"
2199,"Chandler, Tyson"
201163,"Chandler, Wilson"
76379,"Chaney, Don"
76380,"Chaney, John"
364,"Chapman, Rex"
76382,"Chappell, Len"
76383,"Charles, Ken"
76384,"Charles, Lorenzo"
384,"Cheaney, Calbert"
76385,"Cheeks, Maurice"
76386,"Chenier, Phil"
203805,"Cherry, Will"
76387,"Chievous, Derrick"
432,"Chilcutt, Pete"
2735,"Childress, Josh"
719,"Childress, Randolph"
164,"Childs, Chris"
76391,"Chollet, Leroy"
76392,"Chones, Jim"
76393,"Christ, Fred"
76394,"Christensen, Cal"
76395,"Christian, Bob"
57,"Christie, Doug"
202091,"Christmas, Dionte"
1626176,"Christmas, Rakeem"
203565,"Christopher, Patrick"
928,"Churchwell, Robert"
76397,"Clark, Archie"
76398,"Clark, Carlos"
201947,"Clark, Earl"
203546,"Clark, Ian"
1721,"Clark, Keon"
203903,"Clarkson, Jordan"
201964,"Claver, Victor"
1127,"Claxton, Charles"
2049,"Claxton, Speedy"
76402,"Cleamons, Jim"
2043,"Cleaves, Mateen"
76403,"Clemens, John"
76404,"Clifton, Nat"
76406,"Closs, Bill"
1569,"Closs, Keith"
76407,"Cloyd, Paul"
76408,"Cluggish, Marion"
76409,"Clyde, Ben"
76410,"Coffey, Richard"
76411,"Cofield, Fred"
715,"Coker, John"
202708,"Cole, Norris"
76412,"Coleman, Ben"
934,"Coleman, Derrick"
76413,"Coleman, E.C."
76414,"Coleman, Jack"
76415,"Coleman, Norris"
902,"Coles, Bimbo"
2044,"Collier, Jason"
76416,"Collins, Art"
76418,"Collins, Don"
76421,"Collins, Doug"
1530,"Collins, James"
2260,"Collins, Jarron"
2215,"Collins, Jason"
76419,"Collins, Jimmy"
200776,"Collins, Mardy"
202395,"Collins, Sherron"
201954,"Collison, Darren"
2555,"Collison, Nick"
76422,"Colone, Joe"
2173,"Colson, Sean"
306,"Colter, Steve"
76425,"Combs, Leroy"
76426,"Comegys, Dallas"
76427,"Comley, Larry"
76428,"Conley, Gene"
201144,"Conley, Mike"
76429,"Conlin, Ed"
55,"Conlon, Marty"
1626192,"Connaughton, Pat"
76431,"Conner, Lester"
76432,"Connors, Chuck"
101215,"Conroy, Will"
76433,"Cook, Anthony"
76434,"Cook, Bert"
76438,"Cook, Bobby"
2567,"Cook, Brian"
201161,"Cook, Daequan"
76435,"Cook, Darwin"
76436,"Cook, Jeff"
76437,"Cook, Norm"
2241,"Cook, Omar"
76439,"Cooke, David"
76440,"Cooke, Joe"
204022,"Cooley, Jack"
76442,"Cooper, Chuck"
1030,"Cooper, Duane"
76443,"Cooper, Joe"
76444,"Cooper, Michael"
76441,"Cooper, Wayne"
76446,"Copa, Tom"
203142,"Copeland, Chris"
76447,"Copeland, Hollis"
76448,"Copeland, Lanard"
895,"Corbin, Tyrone"
76450,"Corchiani, Chris"
76451,"Corley, Ken"
76452,"Corley, Ray"
76453,"Corzine, Dave"
76454,"Costello, Larry"
203955,"Cotton, Bryce"
76456,"Cotton, Jack"
1526,"Cotton, James"
76457,"Coughran, John"
76458,"Counts, Mel"
76459,"Courtin, Steve"
1432,"Courtney, Joe"
202408,"Cousin, Marcus"
202326,"Cousins, DeMarcus"
600003,"Cousy, Bob"
203496,"Covington, Robert"
76462,"Cowens, Dave"
76463,"Cox, John"
76464,"Cox, Johnny"
76465,"Cox, Wesley"
203459,"Crabbe, Allen"
1544,"Crawford, Chris"
76466,"Crawford, Freddie"
2037,"Crawford, Jamal"
201621,"Crawford, Joe"
202348,"Crawford, Jordan"
76468,"Creighton, Jim"
76469,"Crevier, Ron"
76470,"Crisler, Hal"
2343,"Crispin, Joe"
76471,"Criss, Charlie"
76472,"Crite, Winston"
201159,"Crittenton, Javaris"
76473,"Crocker, Dillard"
76474,"Crompton, Jeffrey"
76475,"Crosby, Terry"
1506,"Croshere, Austin"
76476,"Cross, Jeff"
76477,"Cross, Pete"
76478,"Cross, Russell"
76479,"Crossin, Francis"
180,"Crotty, John"
76481,"Crow, Mark"
76482,"Crowder, Corey"
203109,"Crowder, Jae"
76483,"Cummings, Pat"
187,"Cummings, Terry"
1907,"Cummings, Vonteego"
76487,"Cunningham, Billy"
201967,"Cunningham, Dante"
76485,"Cunningham, Dick"
203099,"Cunningham, Jared"
1061,"Cunningham, William"
76488,"Curcic, Radisav"
76489,"Cure, Armand"
940,"Cureton, Earl"
223,"Curley, Bill"
76492,"Curran, Fran"
209,"Curry, Dell"
2201,"Curry, Eddy"
201191,"Curry, JamesOn"
688,"Curry, Michael"
203552,"Curry, Seth"
201939,"Curry, Stephen"
687,"Cvetkovic, Rastko"
76505,"D'Antoni, Mike"
76496,"Dahler, Ed"
76497,"Dailey, Quintin"
2223,"Dalembert, Samuel"
76498,"Dallmar, Howie"
956,"Dampier, Erick"
76499,"Dampier, Lou"
76500,"Dandridge, Bob"
1498,"Daniels, Antonio"
2845,"Daniels, Erik"
1380,"Daniels, Lloyd"
2605,"Daniels, Marquis"
76502,"Daniels, Mel"
203584,"Daniels, Troy"
390,"Danilovic, Sasha"
76504,"Dantley, Adrian"
76506,"Darcey, Henry"
76507,"Darden, Jimmy"
212,"Dare, Yinka"
76509,"Dark, Jesse"
76511,"Darrow, Jimmy"
203540,"Datome, Gigi"
921,"Daugherty, Brad"
1600,"David, Kornel"
201176,"Davidson, Jermareo"
76514,"Davies, Bob"
203561,"Davies, Brandon"
203076,"Davis, Anthony"
213,"Davis, Antonio"
76515,"Davis, Aubrey"
1884,"Davis, Baron"
989,"Davis, Ben"
76538,"Davis, Bill"
76533,"Davis, Bob"
76516,"Davis, Brad"
76517,"Davis, Brian"
76518,"Davis, Charlie"
76519,"Davis, Charlie"
905,"Davis, Dale"
76521,"Davis, Double D"
202334,"Davis, Ed"
76522,"Davis, Edward"
1023,"Davis, Emanual"
201175,"Davis, Glen"
76523,"Davis, Harry"
93,"Davis, Hubert"
76524,"Davis, James"
76525,"Davis, Jim"
76526,"Davis, Johnny"
2668,"Davis, Josh"
707,"Davis, Mark"
76528,"Davis, Mark"
76529,"Davis, Mel"
76530,"Davis, Michael"
76531,"Davis, Mike"
76520,"Davis, Monti"
200781,"Davis, Paul"
76532,"Davis, Ralph"
1729,"Davis, Ricky"
76534,"Davis, Ron"
426,"Davis, Terry"
76536,"Davis, Walt"
1453,"Davis, Walter"
203958,"Dawkins, Andre"
76539,"Dawkins, Darryl"
1008,"Dawkins, Johnny"
76541,"Dawkins, Paul"
1626183,"Dawson, Branden"
201286,"Dawson, Eric"
76542,"Dawson, Tony"
103,"Day, Todd"
201948,"Daye, Austin"
76543,"Daye, Darren"
201986,"De Colo, Nando"
76545,"DeBusschere, Dave"
692,"DeClercq, Andrew"
76551,"DeLong, Nate"
201942,"DeRozan, DeMar"
76562,"DeZonie, Hank"
76544,"Deane, Greg"
203473,"Dedmon, Dewayne"
76546,"Dees, Archie"
143,"Dehere, Terry"
76548,"Dehnert, Red"
1626155,"Dekker, Sam"
219,"Del Negro, Vinny"
183,"Dele, Bison"
2568,"Delfino, Carlos"
960,"Delk, Tony"
203521,"Dellavedova, Matthew"
76552,"Dembo, Fennis"
76553,"Demic, Larry"
725,"Demps, Dell"
76555,"Dempsey, George"
2736,"Deng, Luol"
76556,"Dennard, Kenny"
76557,"Denning, Blaine"
202458,"Dentmon, Justin"
76558,"Denton, Randy"
76559,"Derline, Rod"
76560,"Deutsch, Dave"
76561,"Devlin, Walter"
76568,"DiGregorio, Ernie"
1760,"Dial, Derrick"
2564,"Diaw, Boris"
200821,"Diawara, Yakhouba"
200799,"Diaz, Guillermo"
2424,"Dickau, Dan"
2079,"Dickens, Kaniel"
76563,"Dickerson, Henry"
1722,"Dickerson, Michael"
76564,"Dickey, Derrek"
76565,"Dickey, Dick"
101143,"Diener, Travis"
203476,"Dieng, Gorgui"
76566,"Dierking, Connie"
76567,"Dietrick, Coby"
76569,"Dillard, Mickey"
76570,"Dille, Bob"
76571,"Dillon, John"
76574,"Dinkins, Byron"
76575,"Dinkins, Jackie"
76576,"Dinwiddie, Bill"
203915,"Dinwiddie, Spencer"
101113,"Diogu, Ike"
2205,"Diop, DeSagana"
76577,"Dischinger, Terry"
76578,"Diute, Fred"
124,"Divac, Vlade"
2413,"Dixon, Juan"
1059,"Djordjevic, Aleksandar"
76580,"Dodd, Earl"
1720,"Doleac, Michael"
76581,"Dolhon, Joe"
76582,"Doll, Bob"
76583,"Donaldson, James"
76584,"Donham, Bob"
76586,"Donovan, Billy"
76585,"Donovan, Harry"
2039,"Dooling, Keyon"
76587,"Dorsey, Jacky"
201595,"Dorsey, Joey"
200763,"Douby, Quincy"
76588,"Douglas, Bruce"
76589,"Douglas, John"
76590,"Douglas, Leon"
428,"Douglas, Sherman"
201962,"Douglas, Toney"
201604,"Douglas-Roberts, Chris"
76592,"Dove, Lloyd"
202220,"Dowdell, Zabian"
76593,"Downey, Bill"
76594,"Downing, Steve"
76595,"Doyle, Danny"
76596,"Dozier, Terry"
201609,"Dragic, Goran"
204054,"Dragic, Zoran"
1068,"Dreiling, Greg"
1724,"Drew, Bryce"
76598,"Drew, John"
76599,"Drew, Larry"
203580,"Drew, Larry"
17,"Drexler, Clyde"
1041,"Driggers, Nate"
76603,"Driscoll, Terry"
1542,"Drobnjak, Predrag"
76604,"Drollinger, Ralph"
203083,"Drummond, Andre"
76623,"DuVal, Dennis"
76605,"Duckett, Dick"
404,"Duckworth, Kevin"
76607,"Dudley, Charles"
201,"Dudley, Chris"
201162,"Dudley, Jared"
76608,"Duerod, Terry"
76609,"Duffy, Bob"
76610,"Duffy, Bob"
2768,"Duhon, Chris"
1626251,"Dukan, Duje"
76611,"Dukes, Walter"
247,"Dumars, Joe"
30,"Dumas, Richard"
434,"Dumas, Tony"
76615,"Duncan, Andy"
1495,"Duncan, Tim"
2399,"Dunleavy, Mike"
76616,"Dunleavy, Mike"
76617,"Dunn, Pat"
76618,"Dunn, T.R."
2648,"Dupree, Ronald"
201142,"Durant, Kevin"
76619,"Duren, John"
1090,"Durham, Pat"
76621,"Durrant, Devin"
76622,"Durrett, Ken"
76624,"Dwan, Jack"
76625,"Dykema, Craig"
76626,"Dyker, Gene"
202406,"Dyson, Jerome"
289,"Eackles, Ledell"
76628,"Eakins, Jim"
768,"Earl, Acie"
76630,"Earle, Ed"
203921,"Early, Cleanthony"
76631,"Eaton, Mark"
76632,"Eaves, Jerry"
202365,"Ebanks, Devin"
76633,"Ebben, Bill"
76634,"Eberhard, Al"
2569,"Ebi, Ndudi"
76635,"Eddie, Patrick"
76636,"Eddleman, Thomas"
76637,"Edelin, Kent"
76638,"Edmonson, Keith"
721,"Edney, Tyus"
76646,"Edwards, Bill"
898,"Edwards, Blue"
2451,"Edwards, Corsley"
346,"Edwards, Doug"
76641,"Edwards, Franklin"
229,"Edwards, James"
76643,"Edwards, Jay"
2823,"Edwards, John"
236,"Edwards, Kevin"
202197,"Edwards, Shane"
76647,"Egan, Johnny"
76648,"Eggleston, Lonnie"
76649,"Ehlers, Eddie"
378,"Ehlo, Craig"
76651,"Eichhorst, Dick"
458,"Eisley, Howard"
1918,"Ekezie, Obinna"
2064,"El-Amin, Khalid"
76653,"Eliason, Don"
53,"Elie, Mario"
76655,"Ellefson, Ray"
201961,"Ellington, Wayne"
76656,"Elliott, Bob"
251,"Elliott, Sean"
76658,"Ellis, Alexander"
76664,"Ellis, Bo"
107,"Ellis, Dale"
1677,"Ellis, Harold"
76661,"Ellis, Joe"
111,"Ellis, LaPhonso"
1034,"Ellis, LeRon"
76663,"Ellis, Leroy"
101145,"Ellis, Monta"
442,"Ellison, Pervis"
600010,"Elmore, Len"
1922,"Elson, Francisco"
76667,"Elston, Darrell"
2408,"Ely, Melvin"
203954,"Embiid, Joel"
76668,"Embry, Wayne"
2765,"Emmett, Andre"
76669,"Endress, Ned"
76670,"Engler, Chris"
76671,"Englestad, Wayne"
76672,"English, A.J."
76673,"English, Alex"
76674,"English, Claude"
76676,"English, Jojo"
203119,"English, Kim"
76675,"English, Scott"
76677,"Englund, Gene"
203516,"Ennis, James"
203898,"Ennis, Tyler"
76678,"Epps, Ray"
201623,"Erden, Semih"
76679,"Erias, Bo"
76680,"Erickson, Keith"
76681,"Erving, Julius"
1915,"Eschmeyer, Evan"
76682,"Eskridge, Jack"
76683,"Esposito, Vincenzo"
76687,"Evans, Bob"
967,"Evans, Brian"
76685,"Evans, Earl"
202379,"Evans, Jeremy"
2230,"Evans, Maurice"
76686,"Evans, Mike"
2501,"Evans, Reggie"
201936,"Evans, Tyreke"
101137,"Ewing, Daniel"
121,"Ewing, Patrick"
201607,"Ewing Jr., Patrick"
203957,"Exum, Dante"
201963,"Eyenga, Christian"
203105,"Ezeli, Festus"
76689,"Ezersky, Johnny"
76690,"Fabel, Joe"
76691,"Fairchild, John"
76692,"Farbman, Phil"
202702,"Faried, Kenneth"
76693,"Farley, Dick"
200770,"Farmar, Jordan"
2824,"Farmer, Desmon"
76695,"Farmer, Jim"
76694,"Farmer, Mike"
1108,"Farmer, Tony"
76696,"Faught, Bob"
203543,"Faverani, Vitor"
202324,"Favors, Derrick"
201174,"Fazekas, Nick"
76697,"Fedor, Dave"
76698,"Feerick, Bob"
76699,"Feher, Butch"
994,"Feick, Jamie"
76701,"Feiereisel, Ron"
76702,"Feigenbaum, George"
76703,"Feitl, Dave"
1626245,"Felicio, Cristiano"
203467,"Felix, Carrick"
101230,"Felix, Noel"
76704,"Felix, Ray"
101109,"Felton, Raymond"
76705,"Fendley, Jake"
76706,"Fenley, Bill"
2724,"Ferguson, Desmond"
201164,"Fernandez, Rudy"
76707,"Fernsten, Eric"
76708,"Ferrari, Al"
76709,"Ferreira, Rolando"
273,"Ferrell, Duane"
76711,"Ferrin, Arnie"
76712,"Ferry, Bob"
198,"Ferry, Danny"
201178,"Fesenko, Kyrylo"
76713,"Fields, Kenny"
202361,"Fields, Landry"
76714,"Filipek, Ron"
76715,"Fillmore, Greg"
76716,"Finkel, Hank"
714,"Finley, Michael"
76717,"Finn, Danny"
900,"Fish, Matt"
965,"Fisher, Derek"
2809,"Fitch, Gerald"
76720,"Fitzgerald, Bob"
76719,"Fitzgerald, Dick"
2033,"Fizer, Marcus"
76721,"Fleishman, Jerry"
76722,"Fleming, Al"
76723,"Fleming, Ed"
313,"Fleming, Vern"
2784,"Flores, Luis"
76725,"Flowers, Bruce"
76726,"Floyd, Sleepy"
201938,"Flynn, Jonny"
76727,"Flynn, Mike"
76728,"Fogle, Larry"
76729,"Foley, Jack"
1829,"Fontaine, Ike"
76731,"Fontaine, Levi"
202880,"Foote, Jeff"
201814,"Forbes, Gary"
76732,"Ford, Alphonso"
2228,"Ford, Alton"
76733,"Ford, Chris"
76734,"Ford, Don"
76735,"Ford, Jake"
76736,"Ford, Phil"
101213,"Ford, Sharrod"
726,"Ford, Sherell"
2551,"Ford, T.J."
76738,"Forman, Donnie"
76739,"Forrest, Bayard"
2218,"Forte, Joseph"
202622,"Fortson, Courtney"
1504,"Fortson, Danny"
76740,"Foster, Fred"
323,"Foster, Greg"
1902,"Foster, Jeff"
76742,"Foster, Rod"
2238,"Fotsis, Antonis"
203095,"Fournier, Evan"
76744,"Foust, Larry"
76745,"Fowler, Jerry"
1762,"Fowlkes, Tremaine"
76746,"Fox, Harold"
76747,"Fox, Jim"
296,"Fox, Rick"
200751,"Foye, Randy"
1502,"Foyle, Adonal"
2499,"Frahm, Richie"
1883,"Francis, Steve"
76748,"Frank, Tellis"
76749,"Frankel, Nat"
203479,"Franklin, Jamaal"
204025,"Frazier, Tim"
76750,"Frazier, Walt"
76751,"Frazier, Will"
76752,"Frederick, Anthony"
202690,"Fredette, Jimmer"
76753,"Free, World"
200777,"Freeland, Joel"
76754,"Freeman, Donnie"
76755,"Freeman, Gary"
76756,"Freeman, Rod"
2782,"Freije, Matt"
76757,"Frey, Frido"
76758,"Friend, Larry"
76759,"Frink, Pat"
76760,"Fritsche, Jim"
101112,"Frye, Channing"
76761,"Fryer, Bernie"
76762,"Fucarino, Frank"
76763,"Fuetsch, Herm"
76764,"Fulks, Joe"
2673,"Fuller, Hiram"
957,"Fuller, Todd"
76765,"Fuller, Tony"
1444,"Funderburke, Lawrence"
76767,"Furlow, Terry"
76768,"Gabor, Billy"
2429,"Gadzuric, Dan"
202070,"Gaffney, Tony"
101184,"Gai, Deng"
76769,"Gainer, Elmer R."
76770,"Gaines, Corey"
2558,"Gaines, Reece"
202178,"Gaines, Sundiata"
76771,"Gale, Mike"
76772,"Gallagher, Chad"
76773,"Gallatin, Harry"
201568,"Gallinari, Danilo"
204038,"Galloway, Langston"
76774,"Gambee, Dave"
333,"Gamble, Kevin"
76776,"Gantt, Bob"
200816,"Garbajosa, Jorge"
2092,"Garces, Ruben"
2682,"Garcia, Alex"
101128,"Garcia, Francisco"
76778,"Gardner, Earl"
201242,"Gardner, Thomas"
76779,"Gardner, Vern"
76780,"Garfinkel, Jack"
76781,"Garland, Gary"
76782,"Garland, Winston"
76783,"Garmaker, Dick"
1612,"Garner, Chris"
76785,"Garnett, Bill"
708,"Garnett, Kevin"
1831,"Garnett, Marlon"
76786,"Garrett, Calvin"
1051,"Garrett, Dean"
203197,"Garrett, Diante"
76788,"Garrett, Eldo"
76789,"Garrett, Rowland"
76790,"Garrick, Tom"
76791,"Garris, John"
1619,"Garris, Kiwane"
1727,"Garrity, Pat"
76793,"Garvin, Jim"
201188,"Gasol, Marc"
2200,"Gasol, Pau"
76794,"Gates, Frank"
423,"Gatling, Chris"
930,"Gattison, Kenny"
200752,"Gay, Rudy"
76797,"Gayda, Ed"
1845,"Gaze, Andrew"
1002,"Geary, Reggie"
202087,"Gee, Alonzo"
761,"Geiger, Matt"
101153,"Gelabale, Mickael"
1904,"George, Devean"
76800,"George, Jack"
202331,"George, Paul"
76801,"George, Tate"
76802,"Gerard, Gus"
76803,"Gervin, Derrick"
76804,"Gervin, George"
76805,"Getchell, Gorham"
76806,"Gianelli, John"
76807,"Gibbs, Dick"
200789,"Gibson, Daniel"
76808,"Gibson, Dee"
76809,"Gibson, Mel"
76810,"Gibson, Mike"
201959,"Gibson, Taj"
76811,"Gibson, Ward"
201592,"Giddens, J.R."
201821,"Gilder, Trey"
2109,"Gill, Eddie"
383,"Gill, Kendall"
76812,"Gillery, Ben"
76813,"Gillette, Gene"
288,"Gilliam, Armen"
76815,"Gilliam, Herm"
600014,"Gilmore, Artis"
76817,"Gilmore, Walt"
76818,"Gilmur, Chuck"
1938,"Ginobili, Manu"
1921,"Giricek, Gordan"
76819,"Givens, Jack"
202148,"Gladness, Mickell"
76820,"Glamack, George"
76821,"Glass, Gerald"
76822,"Glenn, Mike"
76823,"Glick, Norman"
76824,"Glouchkov, Georgi"
76825,"Glover, Clarence"
1901,"Glover, Dion"
2601,"Glyniadakis, Andreas"
76826,"Gminski, Mike"
203497,"Gobert, Rudy"
76827,"Godfread, Dan"
76828,"Gola, Tom"
76829,"Goldfaden, Ben"
924,"Goldwire, Anthony"
101155,"Gomes, Ryan"
76830,"Gondrezick, Glen"
76831,"Gondrezick, Grant"
2400,"Gooden, Drew"
76832,"Goodrich, Gail"
1864,"Goodrich, Steve"
203462,"Goodwin, Archie"
76833,"Goodwin, Wilfred"
203932,"Gordon, Aaron"
2732,"Gordon, Ben"
204079,"Gordon, Drew"
201569,"Gordon, Eric"
76834,"Gordon, Lancaster"
76835,"Gordon, Paul"
101162,"Gortat, Marcin"
76836,"Gottlieb, Leo"
202726,"Goudelock, Andrew"
76837,"Govedarica, Bato"
76838,"Graboski, Joe"
76839,"Grace, Ricky"
37,"Graham, Greg"
101121,"Graham, Joey"
76843,"Graham, Mal"
76841,"Graham, Orlando"
76842,"Graham, Paul"
101211,"Graham, Stephen"
76844,"Grandholm, Jim"
97,"Grandison, Ronnie"
101122,"Granger, Danny"
76847,"Granger, Stewart"
258,"Grant, Brian"
76850,"Grant, Bud"
202,"Grant, Gary"
285,"Grant, Greg"
265,"Grant, Harvey"
270,"Grant, Horace"
203924,"Grant, Jerami"
1626170,"Grant, Jerian"
76852,"Grant, Josh"
1514,"Grant, Paul"
76853,"Grant, Travis"
76854,"Grate, Don"
76855,"Graves, Butch"
201189,"Gray, Aaron"
1070,"Gray, Devin"
1516,"Gray, Ed"
1026,"Gray, Evric"
76859,"Gray, Gary"
76860,"Gray, Leonard"
76861,"Gray, Stuart"
76862,"Gray, Sylvester"
76863,"Gray, Wyndol"
81,"Grayer, Jeff"
76865,"Greacen, Bob"
920,"Green, A.C."
201980,"Green, Danny"
101209,"Green, Devin"
203110,"Green, Draymond"
203475,"Green, Erick"
101123,"Green, Gerald"
203210,"Green, JaMychal"
201145,"Green, Jeff"
76867,"Green, Johnny"
76868,"Green, Ken"
76869,"Green, Kenny"
600011,"Green, Lamar"
1036,"Green, Litterial"
76872,"Green, Luther"
76873,"Green, Mike"
76874,"Green, Rickey"
76875,"Green, Sean"
76877,"Green, Si"
76876,"Green, Sidney"
76878,"Green, Steve"
201192,"Green, Taurean"
76879,"Green, Tommy"
2584,"Green, Willie"
201590,"Greene, Donte"
101158,"Greene, Orien"
76880,"Greenspan, Jerry"
76881,"Greenwood, David"
76882,"Greer, Hal"
2696,"Greer, Lynn"
76883,"Gregor, Gary"
76884,"Gregory, Claude"
76885,"Greig, John"
76886,"Grekin, Norm"
76887,"Grevey, Kevin"
1559,"Griffin, Adrian"
201933,"Griffin, Blake"
2204,"Griffin, Eddie"
76888,"Griffin, Greg"
76889,"Griffin, Paul"
201981,"Griffin, Taylor"
76890,"Griffith, Darrell"
76891,"Grigsby, Chuck"
1575,"Grimm, Derek"
76893,"Grimshaw, George"
76894,"Groat, Dick"
76895,"Gross, Bob"
76896,"Grote, Jerry"
76897,"Groza, Alex"
101219,"Grundy, Anthony"
76899,"Grunfeld, Ernie"
76900,"Guarilia, Gene"
76901,"Gudmundsson, Petur"
76902,"Guerin, Richie"
339,"Gugliotta, Tom"
76903,"Guibert, Andres"
76904,"Guidinger, Jay"
76905,"Gunther, Coulby"
76906,"Gunther, Dave"
76907,"Guokas, Al"
76908,"Guokas, Matt"
76909,"Guokas, Matt"
203268,"Gutierrez, Jorge"
2062,"Guyton, A.J."
76910,"Hackett, Rudy"
201632,"Haddadi, Hamed"
76911,"Haffner, Scott"
76912,"Hagan, Cliff"
76913,"Hagan, Glenn"
76914,"Hahn, Bob"
76915,"Hairston, Al"
76916,"Hairston, Happy"
76917,"Hairston, Lindsay"
201612,"Hairston, Malik"
203798,"Hairston, PJ"
2409,"Haislip, Marcus"
76918,"Halbert, Chuck"
76919,"Halbrook, Harvey"
76920,"Hale, Bruce"
917,"Haley, Jack"
76922,"Halimon, Shaler"
200837,"Hall, Mike"
76923,"Halliburton, Jeff"
1032,"Ham, Darvin"
984,"Hamer, Steve"
76925,"Hamilton, Dale"
76926,"Hamilton, Dennis"
202706,"Hamilton, Jordan"
203120,"Hamilton, Justin"
76927,"Hamilton, Ralph"
1888,"Hamilton, Richard"
76928,"Hamilton, Roylee"
76929,"Hamilton, Steve"
2347,"Hamilton, Tang"
676,"Hamilton, Thomas"
1985,"Hamilton, Zendon"
903,"Hammink, Geert"
67,"Hammonds, Tom"
241,"Hancock, Darrin"
1052,"Handlogten, Ben"
76935,"Hankins, Cecil"
76936,"Hankinson, Phil"
76937,"Hannum, Alex"
76938,"Hanrahan, Don"
76939,"Hans, Rollen"
203162,"Hansbrough, Ben"
201946,"Hansbrough, Tyler"
76942,"Hansen, Bob"
76940,"Hansen, Glenn"
76941,"Hansen, Lars"
2580,"Hansen, Travis"
1682,"Hanson, Reggie"
76944,"Hanzlik, Bill"
202376,"Harangody, Luke"
358,"Hardaway, Anfernee"
896,"Hardaway, Tim"
203501,"Hardaway Jr., Tim"
201935,"Harden, James"
76945,"Harding, Reggie"
76946,"Hardnett, Charlie"
76947,"Hardy, Alan"
76948,"Hardy, James"
76949,"Hargis, John"
203090,"Harkless, Maurice"
76950,"Harkness, Jerry"
76951,"Harlicka, Skip"
76952,"Harmon, Jerome"
157,"Harper, Derek"
202712,"Harper, Justin"
76954,"Harper, Mike"
166,"Harper, Ron"
1723,"Harpring, Matt"
1626149,"Harrell, Montrezl"
202725,"Harrellson, Josh"
2492,"Harrington, Adam"
1733,"Harrington, Al"
2454,"Harrington, Junior"
970,"Harrington, Othella"
76956,"Harris, Art"
76957,"Harris, Bernie"
76959,"Harris, Bob"
76958,"Harris, Chris"
2734,"Harris, Devin"
203548,"Harris, Elias"
203914,"Harris, Gary"
203925,"Harris, Joe"
446,"Harris, Lucious"
202412,"Harris, Manny"
200839,"Harris, Michael"
76960,"Harris, Steve"
202227,"Harris, Terrel"
202699,"Harris, Tobias"
76961,"Harris, Tony"
1626151,"Harrison, Aaron"
76962,"Harrison, Bob"
2758,"Harrison, David"
2078,"Hart, Jason"
176,"Harvey, Antonio"
2051,"Harvey, Donnell"
202238,"Hasbrouck, Kenny"
321,"Haskin, Scott"
76965,"Haskins, Clem"
2617,"Haslem, Udonis"
2239,"Hassell, Trenton"
76967,"Hassett, Billy"
76966,"Hassett, Joey"
76968,"Hastings, Scott"
2213,"Haston, Kirk"
76969,"Hatton, Vern"
76970,"Havlicek, John"
201150,"Hawes, Spencer"
76971,"Hawes, Steve"
76972,"Hawkins, Connie"
765,"Hawkins, Hersey"
1038,"Hawkins, Juaquin"
76974,"Hawkins, Marshall"
1138,"Hawkins, Michael"
76975,"Hawkins, Robert"
76977,"Hawkins, Tom"
76978,"Hawthorne, Nate"
101236,"Hayes, Charles"
76979,"Hayes, Elvin"
2553,"Hayes, Jarvis"
76980,"Hayes, Steve"
202330,"Hayward, Gordon"
202351,"Hayward, Lazar"
2217,"Haywood, Brendan"
76981,"Haywood, Spencer"
76982,"Hazen, John W."
76983,"Hazzard, Walt"
101129,"Head, Luther"
1049,"Heal, Shane"
76984,"Heaney, Brian"
76985,"Heard, Garfield"
76986,"Hedderick, Herm"
76987,"Heggs, Alvin"
76988,"Heinsohn, Tom"
76989,"Hemric, Dick"
673,"Henderson, Alan"
1538,"Henderson, Cedric"
76990,"Henderson, Cedric"
76991,"Henderson, Dave"
76993,"Henderson, Gerald"
201945,"Henderson, Gerald"
1764,"Henderson, J.R."
76992,"Henderson, Jerome"
76994,"Henderson, Kevin"
76996,"Henderson, Tom"
971,"Hendrickson, Mark"
76998,"Hennessy, Larry"
76999,"Henriksen, Don"
77000,"Henry, Al"
77004,"Henry, Bill"
77001,"Henry, Carl"
77002,"Henry, Conner"
77003,"Henry, Skeeter"
202333,"Henry, Xavier"
203089,"Henson, John"
1667,"Henson, Steve"
77006,"Herman, Bill"
77007,"Hermsen, Clarence"
1914,"Herren, Chris"
61,"Herrera, Carl"
200835,"Herrmann, Walter"
77010,"Herron, Keith"
77011,"Hertzberg, Sidney"
77012,"Hetzel, Fred"
77013,"Hewitt, Bill"
77014,"Hewson, Jack"
77015,"Heyman, Art"
1626209,"Hezonja, Mario"
201579,"Hibbert, Roy"
77016,"Hickey, Matthew"
77017,"Hicks, Phil"
201581,"Hickson, JJ"
202809,"Higgins, Cory"
1848,"Higgins, Mike"
77019,"Higgins, Rod"
925,"Higgins, Sean"
77021,"Higgs, Kenny"
77022,"High, Johnny"
77023,"Hightower, Wayne"
2403,Nene
77024,"Hill, Armond"
77025,"Hill, Cleo"
77026,"Hill, Gary"
201588,"Hill, George"
255,"Hill, Grant"
201195,"Hill, Herbert"
201941,"Hill, Jordan"
203524,"Hill, Solomon"
201631,"Hill, Steven"
238,"Hill, Tyrone"
77027,"Hillhouse, Art"
1626199,"Hilliard, Darrun"
77028,"Hillman, Darnell"
77029,"Hilton, Fred"
2550,"Hinrich, Kirk"
77030,"Hinson, Roy"
77031,"Hirsch, Mel"
77032,"Hitch, Lew"
200823,"Hite, Robert"
202359,"Hobson, Darington"
1106,"Hodge, Donald"
101125,"Hodge, Julius"
77034,"Hodges, Craig"
77035,"Hoefer, Adolph"
77036,"Hoffman, Bear, The Body"
77037,"Hogsett, Bob"
77038,"Hogue, Paul"
697,"Hoiberg, Fred"
77039,"Holcomb, Doug"
2450,"Holcomb, Randy"
201950,"Holiday, Jrue"
203200,"Holiday, Justin"
77040,"Holland, Brad"
77041,"Holland, Joe"
77042,"Holland, Wilbur"
77043,"Hollins, Lionel"
200797,"Hollins, Ryan"
77044,"Hollis, Essie"
1626178,"Hollis-Jefferson, Rondae"
1626158,"Holmes, Richaun"
77045,"Holstein, Jim"
77046,"Holt, Alvin"
77047,"Holton, Michael"
77048,"Holub, Dick"
77049,"Holup, Joe"
77050,"Holzman, Red"
1532,"Honeycutt, Jerald"
202715,"Honeycutt, Tyler"
1967,"Hood, Derek"
203918,"Hood, Rodney"
77051,"Hoover, Tom"
77052,"Hopkins, Bob"
77053,"Hoppen, Dave"
77054,"Hopson, Dennis"
203816,"Hopson, Scotty"
77055,"Horan, Johnny"
77056,"Hordges, Cedrick"
201143,"Horford, Al"
77057,"Horford, Tito"
77058,"Horn, Ron"
204,"Hornacek, Jeff"
202862,"Horner, Dennis"
109,"Horry, Robert"
77060,"Horton, Ed"
77061,"Hosket, Wilmer"
77062,"Houbregs, Bob"
2067,"House, Eddie"
275,"Houston, Allan"
780,"Houston, Byron"
77064,"Hovasse, Tom"
77065,"Howard, Brian"
2730,"Howard, Dwight"
77066,"Howard, Greg"
2572,"Howard, Josh"
436,"Howard, Juwan"
77067,"Howard, Mo"
77069,"Howard, Otis"
1128,"Howard, Stephen"
77070,"Howell, Bailey"
77072,"Hubbard, Bob"
77071,"Hubbard, Phil"
201991,"Hudson, Lester"
77074,"Hudson, Lou"
1607,"Hudson, Troy"
1626273,"Huertas, Marcelo"
203962,"Huestis, Josh"
1572,"Huffman, Nate"
77076,"Hughes, Alfredrick"
77077,"Hughes, Eddie"
77078,"Hughes, Kim"
1716,"Hughes, Larry"
1965,"Hughes, Rick"
203133,"Hummel, Robbie"
77080,"Hummer, John"
2415,"Humphrey, Ryan"
77081,"Humphries, Jay"
2743,"Humphries, Kris"
77082,"Hundley, Rod"
2599,"Hunter, Brandon"
77083,"Hunter, Cedric"
201805,"Hunter, Chris"
77084,"Hunter, Les"
283,"Hunter, Lindsey"
201629,"Hunter, Othello"
1626154,"Hunter, RJ"
2212,"Hunter, Steven"
310,"Hurley, Bobby"
77086,"Hurley, Roy"
77087,"Huston, Geoff"
77088,"Huston, Paul"
77089,"Hutchins, Mel"
77090,"Hutton, Joe"
77091,"Hyder, Greg"
77092,"Iavaroni, Marc"
201586,"Ibaka, Serge"
2738,"Iguodala, Andre"
980,"Ilgauskas, Zydrunas"
101148,"Ilic, Mile"
101141,"Ilyasova, Ersan"
77093,"Imhoff, Darrall"
77094,"Ingelsby, Tom"
204060,"Ingles, Joe"
203996,"Inglis, Damien"
77095,"Ingram, Joel"
77096,"Irvin, Byron"
202681,"Irving, Kyrie"
77097,"Issel, Dan"
77098,"Iuzzolino, Mike"
947,"Iverson, Allen"
2767,"Ivey, Royal"
101127,"Jack, Jarrett"
77099,"Jackson, Al"
1517,"Jackson, Bobby"
202132,"Jackson, Cedric"
201616,"Jackson, Darnell"
77101,"Jackson, Greg"
1114,"Jackson, Jaren"
1983,"Jackson, Jermaine"
754,"Jackson, Jim"
77103,"Jackson, Lucious"
2739,"Jackson, Luke"
1531,"Jackson, Marc"
349,"Jackson, Mark"
77104,"Jackson, Michael"
77105,"Jackson, Myron"
77106,"Jackson, Phil"
77107,"Jackson, Ralph"
1872,"Jackson, Randell"
202704,"Jackson, Reggie"
77109,"Jackson, Stanley"
1536,"Jackson, Stephen"
77100,"Jackson, Tony"
77110,"Jackson, Tracy"
77111,"Jackson, Wardell"
77112,"Jacobs, Winfred"
2418,"Jacobsen, Casey"
1734,"Jacobson, Sam"
77114,"Jamerson, Dave"
77115,"James, Aaron"
203108,"James, Bernard"
202345,"James, Damion"
77116,"James, Gene"
1080,"James, Henry"
1744,"James, Jerome"
2544,"James, LeBron"
2229,"James, Mike"
1906,"James, Tim"
1712,"Jamison, Antawn"
1942,"Jamison, Harold"
77120,"Janisch, John"
77122,"Janotta, Howie"
2060,"Jaric, Marko"
77123,"Jaros, Tony"
101180,"Jasikevicius, Sarunas"
201605,"Jawai, Nathan"
77125,"Jeannette, Buddy"
77126,"Jeelani, Abdul"
2423,"Jefferies, Chris"
201785,"Jeffers, Othyus"
2744,"Jefferson, Al"
203928,"Jefferson, Cory"
200971,"Jefferson, Dontell"
2210,"Jefferson, Richard"
2407,"Jeffries, Jared"
202724,"Jenkins, Charles"
2798,"Jenkins, Horace"
203098,"Jenkins, John"
201943,"Jennings, Brandon"
24,"Jennings, Keith"
1137,"Jent, Chris"
77129,"Jepsen, Les"
201973,"Jerebko, Jonas"
201998,"Jerrells, Curtis"
203511,"Jerrett, Grant"
200817,"Jeter, Pooh"
2639,"Johnsen, Britton"
200792,"Johnson, Alexander"
101161,"Johnson, Amir"
77131,"Johnson, Andy"
1533,"Johnson, Anthony"
202356,"Johnson, Armon"
77132,"Johnson, Arnie"
422,"Johnson, Avery"
77130,"Johnson, Buck"
201291,"Johnson, Carldell"
77133,"Johnson, Charlie"
202419,"Johnson, Chris"
203187,"Johnson, Chris"
77135,"Johnson, Clay"
77136,"Johnson, Clemon"
683,"Johnson, Darryl"
77138,"Johnson, Dave"
77139,"Johnson, David"
1746,"Johnson, DeMarco"
77141,"Johnson, Dennis"
2035,"Johnson, DerMarr"
698,"Johnson, Eddie"
77144,"Johnson, Eddie"
77145,"Johnson, Eric"
911,"Johnson, Ervin"
77146,"Johnson, Frank"
77147,"Johnson, George"
77148,"Johnson, George"
77149,"Johnson, George"
77150,"Johnson, Gus"
77151,"Johnson, Harold"
201274,"Johnson, Ivan"
202707,"Johnson, JaJuan"
201949,"Johnson, James"
2207,"Johnson, Joe"
77152,"Johnson, John"
77153,"Johnson, Kannard"
2256,"Johnson, Ken"
77154,"Johnson, Ken"
134,"Johnson, Kevin"
913,"Johnson, Larry"
77156,"Johnson, Larry"
77158,"Johnson, Lee"
2669,"Johnson, Linton"
77159,"Johnson, Lynbert"
77142,"Johnson, Magic"
77160,"Johnson, Marques"
77168,"Johnson, Mickey"
77161,"Johnson, Neil"
203910,"Johnson, Nick"
77162,"Johnson, Ollie"
203111,"Johnson, Orlando"
77163,"Johnson, Reggie"
77164,"Johnson, Rich"
77165,"Johnson, Ron"
1626169,"Johnson, Stanley"
77166,"Johnson, Steffond"
77134,"Johnson, Steve"
201234,"Johnson, Trey"
204020,"Johnson, Tyler"
77167,"Johnson, Vinnie"
202325,"Johnson, Wesley"
203130,"Johnson-Odom, Darius"
77170,"Johnston, Nate"
77169,"Johnston, Neil"
77171,"Johnstone, Jim"
203999,"Jokic, Nikola"
77172,"Jolliff, Howie"
2264,"Jones, Alvin"
77173,"Jones, Anthony"
77174,"Jones, Askia"
77180,"Jones, Bill"
77193,"Jones, Bobby"
200784,"Jones, Bobby"
77175,"Jones, Caldwell"
279,"Jones, Charles"
77178,"Jones, Charles"
1869,"Jones, Charles R."
2563,"Jones, Dahntay"
1800,"Jones, Damon"
203199,"Jones, DeQuan"
202346,"Jones, Dominique"
963,"Jones, Dontae'"
101204,"Jones, Dwayne"
77182,"Jones, Dwight"
77183,"Jones, Earl"
224,"Jones, Eddie"
77184,"Jones, Edgar"
2410,"Jones, Fred"
77185,"Jones, Jake"
2592,"Jones, James"
77186,"Jones, Jimmy"
77187,"Jones, Johnny"
1908,"Jones, Jumaine"
77188,"Jones, K.C."
203158,"Jones, Kevin"
77200,"Jones, Larry"
77189,"Jones, Major"
2891,"Jones, Mark"
77195,"Jones, Nick"
77191,"Jones, Ozell"
203103,"Jones, Perry"
461,"Jones, Popeye"
77192,"Jones, Rich"
77194,"Jones, Robin"
77196,"Jones, Sam"
2652,"Jones, Shelton"
200780,"Jones, Solomon"
77197,"Jones, Steve"
203093,"Jones, Terrence"
1626145,"Jones, Tyus"
77198,"Jones, Wali"
77199,"Jones, Wallace"
77201,"Jones, Wil"
77202,"Jones, Willie"
77203,"Jones, Willie"
1817,"Jordan, Adonis"
201599,"Jordan, DeAndre"
77205,"Jordan, Eddie"
202366,"Jordan, Jerome"
893,"Jordan, Michael"
674,"Jordan, Reggie"
77208,"Jordan, Thomas"
77209,"Jordan, Walter"
77210,"Jordon, Phil"
77211,"Jorgensen, Johnny"
77212,"Jorgensen, Noble"
77213,"Jorgensen, Roger"
202709,"Joseph, Cory"
2123,"Joseph, Garth"
203126,"Joseph, Kris"
77214,"Joseph, Yvon"
77215,"Judkins, Jeff"
77217,"Kachan, Edwin"
77218,"Kaftan, George"
77219,"Kalafat, Ed"
2549,"Kaman, Chris"
1626163,"Kaminsky, Frank"
202683,"Kanter, Enes"
77221,"Kaplowitz, Ralph"
2574,"Kapono, Jason"
77222,"Kappen, Tony"
203508,"Karasev, Sergey"
201207,"Karl, Coby"
77223,"Karl, George"
77225,"Kasid, Ed"
2435,"Kasun, Mario"
77226,"Katkaveck, Leo"
77227,"Kauffman, Bob"
201619,"Kaun, Sasha"
77228,"Kautz, Wilbert"
77229,"Kea, Clarence"
77230,"Kearns, Michael"
77231,"Kearns, Tommy"
228,"Keefe, Adam"
77233,"Keeling, Harold"
77234,"Keller, Ken"
77235,"Kelley, Rich"
77236,"Kellogg, Clark"
77237,"Kelly, Gerard"
203527,"Kelly, Ryan"
77238,"Kelly, Tom"
77239,"Kelser, Greg"
77240,"Kelso, Ben"
431,"Kemp, Shawn"
1118,"Kempton, Tim"
77242,"Kendrick, Frank"
202810,"Kennedy, D.J."
77243,"Kennedy, Eugene"
77244,"Kennedy, Joe"
77245,"Kennedy, William"
77246,"Kenon, Larry"
77247,"Kenville, Bill"
1801,"Kerner, Jonathan"
77248,"Kerr, Johnny"
70,"Kerr, Steve"
77249,"Kerris, Jack"
760,"Kersey, Jerome"
77251,"Kessler, Alec"
1930,"Ketner, Lari"
705,"Keys, Randolph"
2751,"Khryapa, Viktor"
467,"Kidd, Jason"
77254,"Kidd, Warren"
203077,"Kidd-Gilchrist, Michael"
77255,"Kiffin, Irv"
77256,"Kiley, Jack"
77257,"Killum, Ernie"
77258,"Kilpatrick, Carl"
203930,"Kilpatrick, Sean"
77259,"Kimball, Toby"
77260,"Kimble, Bo"
77261,"Kimbrough, Stan"
77262,"Kinch, Chad"
77263,"King, Albert"
77264,"King, Bernard"
12,"King, Chris"
77266,"King, Dan"
701,"King, Frankie"
77268,"King, George"
1562,"King, Gerard"
77270,"King, Jim"
728,"King, Jimmy"
77272,"King, Maury"
77273,"King, Reggie"
1101,"King, Rich"
351,"King, Stacey"
77276,"King, Tom"
77277,"Kinney, Bob"
200814,"Kinsey, Tarence"
1905,"Kirilenko, Andrei"
203945,"Kirk, Alex"
77278,"Kirk, Walt"
77279,"Kistler, Doug"
77280,"Kitchen, Curtis"
1123,"Kite, Greg"
954,"Kittles, Kerry"
170,"Kleine, Joe"
101132,"Kleiza, Linas"
77283,"Klier, Leo"
77284,"Klotz, Herm"
77285,"Klueh, Duane"
77290,"Knight, Billy"
77287,"Knight, Bob"
2688,"Knight, Brandin"
202688,"Knight, Brandon"
1510,"Knight, Brevin"
1861,"Knight, Negele"
77286,"Knight, Negele"
77288,"Knight, Ron"
77289,"Knight, Toby"
969,"Knight, Travis"
77291,"Knorek, Lee"
77292,"Knostman, Dick"
77293,"Knowles, Rod"
77294,"Kofoed, Bart"
77295,"Kojis, Don"
77296,"Komenich, Milo"
77297,"Komives, Howard"
402,"Koncak, Jon"
77299,"Koper, Bud"
77300,"Kopicki, Joe"
77301,"Kornet, Frank"
101117,"Korolev, Yaroslav"
2594,"Korver, Kyle"
77302,"Kosmalski, Len"
77303,"Kostecka, Andy"
77304,"Kottman, Harold"
201585,"Koufos, Kosta"
77305,"Kozelko, Tom"
77306,"Kramer, Arvid"
77307,"Kramer, Barry"
77308,"Kramer, Joel"
77309,"Kraus, Dan"
77310,"Krautblatt, Herb"
203139,"Kravtsov, Viacheslav"
77311,"Krebs, Jim"
77312,"Kreklow, Wayne"
77313,"Kron, Tom"
77314,"Kropp, Tom"
2420,"Krstic, Nenad"
1474,"Krystkowiak, Larry"
77316,"Kuberski, Steve"
77317,"Kubiak, Leo"
77318,"Kuczenski, Bruce"
77319,"Kudelka, Frank"
77320,"Kuester, John"
77322,"Kuka, Ray"
389,"Kukoc, Toni"
77323,"Kunnert, Kevin"
77324,"Kupchak, Mitch"
77325,"Kupec, Charles"
201633,"Kurz, Rob"
2825,"Kutluay, Ibrahim"
203136,"Kuzmic, Ognjen"
77327,"LaCour, Fred"
1711,"LaFrentz, Raef"
77328,"LaGarde, Tom"
1601,"LaRue, Rusty"
77340,"LaRusso, Rudy"
203897,"LaVine, Zach"
77326,"Lacey, Sam"
363,"Laettner, Christian"
201802,"Lafayette, Oliver"
100263,"Laimbeer, Bill"
77329,"Lalich, Pete"
77330,"Lamar, Bo"
203117,"Lamb, Doron"
203087,"Lamb, Jeremy"
77331,"Lambert, John"
77332,"Lamp, Jeff"
2573,"Lampe, Maciej"
77333,"Lampley, Jim"
2253,"Lampley, Sean"
201171,"Landry, Carl"
202068,"Landry, Marcus"
77334,"Landsberger, Mark"
77335,"Lane, Jerome"
457,"Lang, Andrew"
226,"Lang, Antonio"
2591,"Lang, James"
1892,"Langdon, Trajan"
101247,"Langford, Keith"
2061,"Langhi, Dan"
600005,"Lanier, Bob"
77338,"Lantz, Stu"
77339,"Larese, York"
203499,"Larkin, Shane"
77341,"Laskowski, John"
201186,"Lasme, Stephane"
77342,"Lattin, Dave"
968,"Lauderdale, Priest"
77344,"Laurel, Rich"
77345,"Lautenbach, Walt"
203530,"Lauvergne, Joffrey"
77346,"Lavelli, Tony"
77347,"Lavoy, Bob"
201151,"Law, Acie"
202371,"Lawal, Gani"
77348,"Lawrence, Ed"
1535,"Lawson, Jason"
201951,"Lawson, Ty"
77350,"Layton, Dennis"
77351,"Leaks, Emanuel"
77352,"Lear, Hal"
77353,"Leavell, Allen"
77354,"Lebo, Jeff"
287,"Leckner, Eric"
203495,"Ledo, Ricky"
77356,"Lee, Butch"
77357,"Lee, Clyde"
201584,"Lee, Courtney"
101135,"Lee, David"
77358,"Lee, Doug"
77359,"Lee, George"
77360,"Lee, Greg"
77361,"Lee, Keith"
77362,"Lee, Kurk"
202723,"Lee, Malcolm"
77363,"Lee, Rock"
77364,"Lee, Ron"
77365,"Lee, Russell"
77366,"Leede, Ed"
77367,"Lefkowitz, Hank"
100,"Legler, Tim"
77369,"Lehmann, George"
203458,"Len, Alex"
702,"Lenard, Voshon"
77371,"Leonard, Bob"
77370,"Leonard, Gary"
202695,"Leonard, Kawhi"
203086,"Leonard, Meyers"
77372,"Les, Jim"
202727,"Leslie, Travis"
77373,"Lester, Ronnie"
77374,"Lett, Clifford"
202720,"Leuer, Jon"
77375,"Levane, Andrew"
77376,"Lever, Lafayette"
77377,"Levingston, Cliff"
77385,"Lewis, Bobby"
736,"Lewis, Cedric"
77379,"Lewis, Fred"
77380,"Lewis, Freddie"
77381,"Lewis, Grady"
729,"Lewis, Martin"
1900,"Lewis, Quincy"
77383,"Lewis, Ralph"
1740,"Lewis, Rashard"
77384,"Lewis, Reggie"
77386,"Liberty, Marcus"
77387,"Lichti, Todd"
202732,"Liggins, DeAndre"
77388,"Ligon, Bill"
203081,"Lillard, Damian"
202391,"Lin, Jeremy"
77389,"Lingenfelter, Steve"
175,"Lister, Alton"
988,"Livingston, Randy"
2733,"Livingston, Shaun"
77392,"Livingstone, Ron"
1024,"Llamas, Horacio"
77394,"Lloyd, Earl"
77395,"Lloyd, Lewis"
77396,"Lloyd, Scott"
77397,"Lochmueller, Bob"
77398,"Lock, Robert"
77399,"Lockhart, Darrell"
1100,"Lockhart, Ian"
77401,"Loder, Kevin"
77402,"Lofgran, Don"
77403,"Logan, Johnny"
38,"Lohaus, Brad"
1609,"Long, Art"
3,"Long, Grant"
1381,"Long, John"
77406,"Long, Paul"
26,"Longley, Luc"
1626172,"Looney, Kevon"
201572,"Lopez, Brook"
1732,"Lopez, Felipe"
2221,"Lopez, Raul"
201577,"Lopez, Robin"
943,"Lorthridge, Ryan"
77409,"Loscutoff, Jim"
77410,"Lott, Plummer"
77411,"Loughery, Kevin"
77412,"Love, Bob"
201567,"Love, Kevin"
77413,"Love, Stan"
77414,"Lovellette, Clyde"
77415,"Lowe, Sidney"
77416,"Lowery, Chuck"
200768,"Lowry, Kyle"
77417,"Lucas, Al"
77418,"Lucas, Jerry"
77419,"Lucas, John"
203564,"Lucas, Kalin"
77420,"Lucas, Maurice"
101249,"Lucas III, John"
77421,"Luckenbill, Ted"
1731,"Lue, Tyronn"
77422,"Luisi, Jim"
77423,"Lujack, Al"
77424,"Lumpkin, Phil"
77425,"Lumpp, Ray"
1626168,"Lyles, Trey"
248,"Lynch, George"
77426,"Lynch, Kevin"
77427,"Lynn, Mike"
1928,"MacCulloch, Todd"
77430,"MacGilvray, Ronnie"
931,"MacLean, Don"
77428,"Macaluso, Mike"
77429,"Macauley, Ed"
203159,"Machado, Scott"
101178,"Macijauskas, Arvydas"
77432,"Mack, Ollie"
694,"Mack, Sam"
202714,"Mack, Shelvin"
1635,"Mackey, Malcolm"
77435,"Macklin, Rudy"
202731,"Macklin, Vernon"
77436,"Macknowski, Johnny"
1855,"Macon, Mark"
77438,"Macy, Kyle"
77439,"Maddox, Jack"
2432,"Maddox, Tito"
1666,"Madkins, Gerald"
2058,"Madsen, Mark"
77441,"Mager, Norm"
1894,"Maggette, Corey"
77442,"Magley, Dave"
2048,"Magloire, Jamaal"
101133,"Mahinmi, Ian"
77443,"Mahnken, John"
77444,"Mahoney, Francis"
328,"Mahorn, Rick"
105,"Majerle, Dan"
200970,"Major, Renaldo"
77447,"Malamed, Lionel"
117,"Malone, Jeff"
252,"Malone, Karl"
77449,"Malone, Moses"
1074,"Maloney, Matt"
77450,"Malovic, Steve"
77451,"Manakas, Ted"
77452,"Mandic, John"
77453,"Mangiapane, Frank"
986,"Mann, Marcus"
330,"Manning, Danny"
77454,"Manning, Ed"
316,"Manning, Richard"
77456,"Mannion, Pace"
77457,"Mantis, Nick"
77459,"Maravich, Pete"
77458,"Maravich, Peter"
203906,"Marble, Devyn"
77460,"Marble, Roy"
950,"Marbury, Stephon"
36,"Marciulionis, Sarunas"
77462,"Mariaschin, Saul"
77463,"Marin, Jack"
1890,"Marion, Shawn"
1626246,"Marjanovic, Boban"
200806,"Markota, Damir"
1752,"Marks, Sean"
77464,"Marlatt, Harvey"
77465,"Marsh, Eric"
77466,"Marsh, Jim"
681,"Marshall, Donny"
923,"Marshall, Donyell"
203088,"Marshall, Kendall"
101185,"Marshall, Rawle"
77467,"Marshall, Tom"
77468,"Marshall, Vester"
77481,"Martin, Bill"
77478,"Martin, Bob"
77469,"Martin, Brian"
201858,"Martin, Cartier"
733,"Martin, Cuonzo"
239,"Martin, Darrick"
77473,"Martin, Don"
77471,"Martin, Donald"
77472,"Martin, Fernando"
1626185,"Martin, Jarell"
77474,"Martin, Jeff"
2030,"Martin, Kenyon"
2755,"Martin, Kevin"
77475,"Martin, Larue"
77476,"Martin, Mo"
77477,"Martin, Phil"
77479,"Martin, Ronald"
77480,"Martin, Slater"
469,"Mashburn, Jamal"
77482,"Masino, Al"
193,"Mason, Anthony"
2046,"Mason, Desmond"
2427,"Mason Jr., Roger"
763,"Massenburg, Tony"
77483,"Mast, Eddie"
77484,"Matthews, Wes"
202083,"Matthews, Wesley"
77485,"Maughan, Ariel"
77486,"Maxey, Marlon"
101131,"Maxiell, Jason"
77487,"Maxwell, Cedric"
137,"Maxwell, Vernon"
77489,"May, Don"
77490,"May, Scott"
101118,"May, Sean"
195,"Mayberry, Lee"
77492,"Mayes, Clyde"
77493,"Mayes, Tharon"
77495,"Mayfield, Bill"
77494,"Mayfield, Ken"
201953,"Maynor, Eric"
201564,"Mayo, O.J."
77496,"Mays, Travis"
77497,"Mazza, Matt"
201601,"Mbah a Moute, Luc"
2788,"Mbenga, DJ"
77498,"McAdoo, Bob"
203949,"McAdoo, James Michael"
77499,"McBride, Ken"
203492,"McCallum, Ray"
737,"McCann, Bob"
77500,"McCann, Brendan"
77502,"McCants, Mel"
101119,"McCants, Rashad"
77503,"McCarron, Mike"
77504,"McCarter, Andre"
77505,"McCarter, Willie"
77506,"McCarthy, Johnny"
77507,"McCarty, Howie"
1820,"McCarty, Kelly"
962,"McCarty, Walter"
1043,"McCaskill, Amal"
77509,"McClain, Dwayne"
77510,"McClain, Ted, Hound Dog"
2082,"McClintock, Dan"
77512,"McCloskey, Jack"
45,"McCloud, George"
203468,"McCollum, CJ"
77513,"McConathy, John"
77514,"McConnell, Paul"
204456,"McConnell, TJ"
77515,"McCord, Keith"
77516,"McCormick, Tim"
1741,"McCoy, Jelani"
77517,"McCracken, Paul"
200840,"McCray, Chris"
1622,"McCray, Rodney"
77518,"McCray, Scooter"
1626191,"McCullough, Chris"
77520,"McCullough, John"
723,"McDaniel, Clint"
1365,"McDaniel, Xavier"
77523,"McDaniels, Jim"
203909,"McDaniels, KJ"
203926,"McDermott, Doug"
77524,"McDonald, Ben"
77525,"McDonald, Glenn"
1075,"McDonald, Michael"
77527,"McDowell, Hank"
686,"McDyess, Antonio"
77528,"McElroy, Jim"
200829,"McFarlin, Ivan"
77529,"McGaha, Mel"
203956,"McGary, Mitch"
201580,"McGee, JaVale"
77530,"McGee, Mike"
77531,"McGill, Bill"
77532,"McGinnis, George"
77533,"McGlocklin, Jon"
1503,"McGrady, Tracy"
77534,"McGregor, Gil"
77536,"McGuire, Al"
77535,"McGuire, Allie"
77537,"McGuire, Dick"
201187,"McGuire, Dominic"
1450,"McHale, Kevin"
29,"McIlvaine, Jim"
976,"McInnis, Jeff"
77540,"McIntosh, Kenny"
77541,"McKenna, Kevin"
77542,"McKenzie, Forrest"
77543,"McKenzie, Stan"
365,"McKey, Derrick"
243,"McKie, Aaron"
77547,"McKinney, Billy"
77545,"McKinney, Carlton"
77546,"McKinney, Horace"
203463,"McLemore, Ben"
77548,"McLemore, Mccoy"
77549,"McLeod, George"
2693,"McLeod, Keith"
1728,"McLeod, Roshown"
77551,"McMahon, Jack"
203,"McMillan, Nate"
77553,"McMillen, Tom"
77554,"McMillian, Jim"
77555,"McMillon, Shellie"
77556,"McMullan, Mal"
77557,"McNabb, Chet"
77558,"McNamara, Mark"
77559,"McNamee, Joe"
202077,"McNeal, Jerel"
77560,"McNealy, Chris"
77562,"McNeill, Bob"
77561,"McNeill, Larry"
77563,"McNulty, Carl"
2101,"McPherson, Paul"
77565,"McQueen, Cozell"
77566,"McReynolds, Thales"
201177,"McRoberts, Josh"
77567,"McWilliams, Eric"
77568,"Mearns, George"
2098,"Medvedenko, Slava"
1577,"Mee, Darnell"
201975,"Meeks, Jodie"
77570,"Meely, Cliff"
77571,"Meents, Scott"
77572,"Mehen, Dick"
77573,"Meineke, Don"
77574,"Meinhold, Carl"
1626257,"Mejri, Salah"
203539,"Mekel, Gal"
77576,"Melchionni, Bill"
77575,"Melchionni, Gary"
203097,"Melo, Fab"
77577,"Melvin, Ed"
77578,"Meminger, Dean"
77579,"Mencel, Chuck"
77580,"Mengelt, John"
77581,"Menke, Ken"
200822,"Mensah-Bonsu, Pops"
1500,"Mercer, Ron"
77582,"Meriweather, Joe"
77583,"Meriwether, Porter"
77584,"Meschery, Tom"
684,"Meyer, Loren"
77586,"Meyers, Dave"
77587,"Miasek, Stan"
77588,"Micheaux, Larry"
1626175,"Mickey, Jordan"
203114,"Middleton, Khris"
77589,"Mihalik, Zigmund"
2036,"Mihm, Chris"
77590,"Mikan, Ed"
600012,"Mikan, George"
77591,"Mikan, Larry"
77593,"Mikkelsen, Vern"
77594,"Miksis, Al"
101223,"Miles, Aaron"
101139,"Miles, CJ"
2032,"Miles, Darius"
77596,"Miles, Eddie"
1527,"Milic, Marko"
2545,"Milicic, Darko"
77598,"Militzok, Nat"
1889,"Miller, Andre"
292,"Miller, Anthony"
77605,"Miller, Bill"
77603,"Miller, Bob"
1802,"Miller, Brad"
203121,"Miller, Darius"
77602,"Miller, Dick"
77599,"Miller, Eddie"
77600,"Miller, Harry"
77601,"Miller, Jay"
2034,"Miller, Mike"
932,"Miller, Oliver"
203113,"Miller, Quincy"
397,"Miller, Reggie"
77604,"Miller, Walt"
168,"Mills, Chris"
77606,"Mills, John"
201988,"Mills, Patty"
371,"Mills, Terry"
202407,"Millsap, Elijah"
200794,"Millsap, Paul"
114,"Miner, Harold"
77609,"Minniefield, Dirk"
77610,"Minor, Dave"
65,"Minor, Greg"
77612,"Minor, Mark"
202703,"Mirotic, Nikola"
77613,"Misaka, Wat"
1954,"Miskiri, Jason"
77615,"Mitchell, Mike"
77616,"Mitchell, Murray"
417,"Mitchell, Sam"
77614,"Mitchell, Todd"
203183,"Mitchell, Tony"
203502,"Mitchell, Tony"
77618,"Mix, Steve"
77619,"Mlkvy, Bill"
1749,"Mobley, Cuttino"
211,"Mobley, Eric"
77621,"Moffett, Larry"
77622,"Mogus, Leo"
1737,"Mohammed, Nazr"
2040,"Moiso, Jerome"
77623,"Mokeski, Paul"
77624,"Molinas, Jack"
77625,"Molis, Wayne"
77626,"Moncrief, Sidney"
77627,"Money, Eric"
2752,"Monia, Sergei"
600006,"Monroe, Earl"
202328,"Monroe, Greg"
77628,"Monroe, Rodney"
1626242,"Montero, Luis"
77630,"Montgomery, Howie"
376,"Montross, Eric"
200081,"Moon, Jamario"
77631,"Mooney, Jim"
77632,"Moore, Andre"
202734,"Moore, E'Twaun"
77634,"Moore, Jackie"
77633,"Moore, Johnny"
77635,"Moore, Lowes"
1630,"Moore, Mikki"
77636,"Moore, Otto"
77637,"Moore, Ron"
929,"Moore, Tracy"
203961,"Moreland, Eric"
77639,"Moreland, Jackie"
77640,"Morgan, Guy"
77641,"Morgan, Rex"
77642,"Morgenthaler, Elmo"
77644,"Morningstar, Darren"
356,"Morris, Chris"
202721,"Morris, Darius"
77647,"Morris, Isaiah"
202694,"Morris, Marcus"
202693,"Morris, Markieff"
77646,"Morris, Max"
201043,"Morris, Randolph"
2242,"Morris, Terence"
200747,"Morrison, Adam"
77648,"Morrison, Dwight"
77649,"Morrison, Mike"
201627,"Morrow, Anthony"
132,"Morton, Dwayne"
1972,"Morton, John"
77652,"Morton, Richard"
77653,"Mosley, Glenn"
77654,"Moss, Perry"
734,"Moten, Lawrence"
202700,"Motiejunas, Donatas"
2069,"Mottola, Hanno"
203102,"Moultrie, Arnett"
297,"Mourning, Alonzo"
202389,"Mozgov, Timofey"
77657,"Mrazovich, Chuck"
1626144,"Mudiay, Emmanuel"
77658,"Mueller, Erwin"
203498,"Muhammad, Shabazz"
77659,"Mullaney, Joe"
77660,"Mullens, Bob"
201957,"Mullens, Byron"
904,"Mullin, Chris"
77662,"Mullins, Jeff"
942,"Mundt, Todd"
77664,"Munk, Chris"
77665,"Munroe, George"
785,"Murdock, Eric"
49,"Muresan, Gheorghe"
77668,"Murphy, Allen"
77669,"Murphy, Calvin"
77672,"Murphy, Dick"
203513,"Murphy, Erik"
77670,"Murphy, Jay"
77671,"Murphy, John"
203122,"Murphy, Kevin"
77673,"Murphy, Ronnie"
77674,"Murphy, Tod"
2211,"Murphy, Troy"
77675,"Murray, Ken"
441,"Murray, Lamond"
2436,"Murray, Ronald"
145,"Murray, Tracy"
77676,"Murrey, Dorie"
203315,"Murry, Toure"
203488,"Muscala, Mike"
77677,"Musi, Angelo"
1054,"Mustaf, Jerrod"
87,"Mutombo, Dikembe"
982,"Muursepp, Martin"
939,"Myers, Pete"
1823,"N'Diaye, Makhtar"
101238,"N'Dong, Boniface"
2055,"N'diaye, Mamadou"
77681,"Naber, Bob"
77682,"Nachamkin, Boris"
2411,"Nachbar, Bostjan"
77683,"Nagel, Jerry"
77684,"Nagy, Fred"
1924,"Nailon, Lee"
2059,"Najera, Eduardo"
77685,"Nance, Larry"
1626204,"Nance Jr., Larry"
203894,"Napier, Shabazz"
77686,"Napolitano, Paul"
77688,"Nash, Bob"
77687,"Nash, Charles"
959,"Nash, Steve"
77689,"Nater, Swen"
77690,"Nathan, Howard"
77691,"Natt, Calvin"
77692,"Natt, Kenny"
77693,"Naulls, Willie"
2434,"Navarro, Juan Carlos"
202380,"Ndiaye, Hamady"
77694,"Neal, Craig"
202390,"Neal, Gary"
77695,"Neal, Jim"
77696,"Neal, Lloyd"
77697,"Nealy, Ed"
203517,"Nedovic, Nemanja"
77698,"Negratti, Al"
77699,"Nelson, Barry"
201634,"Nelson, DeMarcus"
77700,"Nelson, Don"
2749,"Nelson, Jameer"
77701,"Nelson, Louie"
1129,"Nembhard, Ruben"
1838,"Nesby, Tyrone"
77704,"Nessley, Martin"
1725,"Nesterovic, Rasho"
203526,"Neto, Raul"
77705,"Neumann, Johnny"
77706,"Neumann, Paul"
77707,"Nevitt, Chuck"
1116,"Newbern, Melvin"
1096,"Newbill, Ivano"
1956,"Newble, Ira"
77710,"Newlin, Mike"
271,"Newman, Johnny"
77712,"Newmark, Dave"
201193,"Nichols, Demetris"
77713,"Nichols, Jack"
203094,"Nicholson, Andrew"
1093,"Nickerson, Gaylon"
77715,"Nicks, Carl"
77716,"Niemann, Rich"
77717,"Niemiera, John"
77718,"Niles, Mike"
77719,"Nimphius, Kurt"
77720,"Nix, Dyron"
77721,"Nixon, Norm"
201149,"Noah, Joakim"
77722,"Noble, Chuck"
2804,"Nocioni, Andres"
200786,"Noel, David"
203457,"Noel, Nerlens"
77723,"Noel, Paul"
203512,"Nogueira, Lucas"
77724,"Nolan, Jim"
77725,"Nolen, Paul"
999,"Nordgaard, Jeff"
77727,"Nordmann, Robert"
77728,"Norlander, Johnny"
77729,"Norman, Connie"
80,"Norman, Ken"
77731,"Norris, Audie"
983,"Norris, Moochie"
77732,"Norris, Sylvester"
77733,"Norwood, Willie"
77734,"Nostrand, George"
77735,"Noszka, Stan"
77736,"Novak, Mike"
200779,"Novak, Steve"
77737,"Nowell, Mel"
1717,"Nowitzki, Dirk"
203263,"Nunnally, James"
203994,"Nurkic, Jusuf"
77738,"Nutt, Dennis"
1022,"Nwosu, Julius"
1525,"O'Bannon, Charles"
709,"O'Bannon, Ed"
77742,"O'Boyle, John"
77744,"O'Brien, Bob"
77743,"O'Brien, Buckshot"
203948,"O'Bryant, Johnny"
200753,"O'Bryant, Patrick"
77745,"O'Connell, Dermie"
77746,"O'Donnell, Andy"
77750,"O'Grady, Francis"
77752,"O'Keefe, Dick"
77753,"O'Keefe, Tommy"
77754,"O'Koren, Mike"
77766,"O'Malley, Grady"
979,"O'Neal, Jermaine"
406,"O'Neal, Shaquille"
77767,"O'Neill, Mike"
203124,"O'Quinn, Kyle"
77773,"O'Shea, Kevin"
77774,"O'Shields, Garland"
77776,"O'Sullivan, Dan"
891,"Oakley, Charles"
101177,"Oberto, Fabricio"
201141,"Oden, Greg"
1885,"Odom, Lamar"
77747,"Ogden, Carlos"
77748,"Ogden, Ralph"
1628,"Ogg, Alan"
77751,"Ohl, Don"
203317,"Ohlbrecht, Tim"
2731,"Okafor, Emeka"
1626143,"Okafor, Jahlil"
2246,"Okur, Mehmet"
203506,"Oladipo, Victor"
165,"Olajuwon, Hakeem"
77756,"Olberding, Mark"
77757,"Oldham, Jawann"
77758,"Oldham, Johnny"
77759,"Oleynick, Frank"
77760,"Olive, John"
1680,"Oliver, Brian"
2352,"Oliver, Dean"
1429,"Oliver, Jimmy"
1563,"Ollie, Kevin"
77764,"Ollrich, Gene"
1709,"Olowokandi, Michael"
77765,"Olsen, Enoch"
203482,"Olynyk, Kelly"
202620,"Onuaku, Arinze"
77768,"Orms, Barry"
77769,"Orr, Johnny"
77770,"Orr, Louis"
77771,"Ortiz, Jose"
202350,"Orton, Daniel"
77772,"Osborne, Chuck"
77775,"Osterkorn, Wally"
731,"Ostertag, Greg"
77777,"Othick, Matt"
77778,"Otten, Don"
77779,"Otten, Mac"
1626162,"Oubre, Kelly"
448,"Outlaw, Bo"
2566,"Outlaw, Travis"
77780,"Overton, Claude"
77,"Overton, Doug"
101261,"Owens, Andre"
182,"Owens, Billy"
2442,"Owens, Chris"
77782,"Owens, Eddie"
77783,"Owens, James"
77784,"Owens, Jim"
77785,"Owens, Keith"
202082,"Owens, Larry"
77786,"Owens, Tom"
1077,"Owes, Ray"
2071,"Oyedeji, Olumide"
77788,"Pace, Joe"
2585,"Pachulia, Zaza"
123,"Pack, Robert"
77789,"Paddio, Gerald"
1909,"Padgett, Scott"
77790,"Paine, Fred"
1960,"Palacio, Milt"
77791,"Palazzi, Togo"
77792,"Palmer, Jim"
77793,"Palmer, John"
77794,"Palmer, Walter"
1950,"Panko, Andy"
203123,"Papanikolaou, Kostas"
2457,"Pargo, Jannero"
202951,"Pargo, Jeremy"
77797,"Parham, Estes"
305,"Parish, Robert"
77799,"Park, Medford"
1515,"Parker, Anthony"
203953,"Parker, Jabari"
2470,"Parker, Smush"
77800,"Parker, Sonny"
2225,"Parker, Tony"
77801,"Parkinson, Jack"
685,"Parks, Cherokee"
77802,"Parr, Jack"
77803,"Parrack, Doyle"
77804,"Parsley, Charlie"
202718,"Parsons, Chandler"
1097,"Paspalj, Zarko"
77806,"Passaglia, Marty"
77807,"Pastushok, George A."
77808,"Patrick, Myles"
77809,"Patrick, Stan"
1754,"Patterson, Andrae"
77811,"Patterson, George"
203934,"Patterson, Lamar"
202335,"Patterson, Patrick"
1739,"Patterson, Ruben"
77812,"Patterson, Steve"
77813,"Patterson, Tommy"
77814,"Patterson, Worthy"
101108,"Paul, Chris"
77815,"Paulk, Charlie"
77816,"Paulson, Jerry"
77817,"Paultz, Billy"
2562,"Pavlovic, Sasha"
77818,"Paxson, Jim"
77819,"Paxson, Jim"
77820,"Paxson, John"
77821,"Payak, Johnny"
203940,"Payne, Adreian"
1626166,"Payne, Cameron"
77822,"Payne, Kenny"
77823,"Payne, Tom"
203901,"Payton, Elfrid"
56,"Payton, Gary"
77824,"Payton, Mel"
77825,"Pearcy, George"
77826,"Pearcy, Henry"
200762,"Pecherov, Oleksiy"
77827,"Peck, Wiley"
324,"Peeler, Anthony"
201593,"Pekovic, Nikola"
77828,"Pelkington, Jake"
77829,"Pellom, Sam"
2130,"Penberthy, Mike"
2667,"Penigar, Desmond"
2632,"Penney, Kirk"
46,"Peplowski, Mike"
781,"Perdue, Will"
2570,"Perkins, Kendrick"
64,"Perkins, Sam"
77834,"Perkins, Warren"
200785,"Perovic, Kosta"
77835,"Perry, Curtis"
386,"Perry, Elliot"
897,"Perry, Tim"
456,"Person, Chuck"
445,"Person, Wesley"
77839,"Petersen, Jim"
77840,"Petersen, Loy"
77843,"Peterson, Bob"
77841,"Peterson, Ed"
77842,"Peterson, Mel"
2050,"Peterson, Morris"
77844,"Petrie, Geoff"
101130,"Petro, Johan"
77845,"Petrovic, Drazen"
77846,"Petruska, Richard"
77847,"Pettit, Bob"
77848,"Phegley, Roger"
77850,"Phelan, Jack"
77849,"Phelan, Jim"
74,"Phelps, Derrick"
77852,"Phelps, Mike"
77853,"Phillip, Andy"
77854,"Phillips, Eddie"
77855,"Phillips, Gary"
184,"Phills, Bobby"
15,"Piatkowski, Eric"
1718,"Pierce, Paul"
894,"Pierce, Ricky"
77858,"Pietkiewicz, Stan"
2554,"Pietrus, Mickael"
77859,"Pilch, John"
291,"Pinckney, Ed"
200838,"Pinkney, Kevinn"
77861,"Pinone, John"
77862,"Piontek, Dave"
77863,"Piotrowski, Tom"
937,"Pippen, Scottie"
77864,"Pittman, Charlie"
202354,"Pittman, Dexter"
2565,"Planinic, Zoran"
202353,"Pleiss, Tibor"
203486,"Plumlee, Mason"
203101,"Plumlee, Miles"
77865,"Plummer, Gary"
2750,"Podkolzin, Pavel"
77866,"Polee, Dwayne"
77867,"Pollard, Jim"
1513,"Pollard, Scot"
77868,"Polson, Ralph"
178,"Polynice, Olden"
77869,"Pondexter, Cliff"
202347,"Pondexter, Quincy"
77870,"Pope, David"
998,"Pope, Mark"
77872,"Popson, Dave"
77873,"Poquette, Ben"
2084,"Porter, Chris"
77875,"Porter, Howard"
77876,"Porter, Kevin"
203490,"Porter, Otto"
345,"Porter, Terry"
1626171,"Portis, Bobby"
77878,"Portman, Bob"
204001,"Porzingis, Kristaps"
1899,"Posey, James"
2068,"Postell, Lavor"
958,"Potapenko, Vitaly"
200796,"Powe, Leon"
203939,"Powell, Dwight"
2694,"Powell, Josh"
2867,"Powell, Kasib"
1626181,"Powell, Norman"
101232,"Powell, Roger"
77879,"Pressey, Paul"
203515,"Pressey, Phil"
77880,"Pressley, Dominic"
77881,"Pressley, Harold"
201985,"Price, A.J."
85,"Price, Brent"
77883,"Price, Jim"
899,"Price, Mark"
77884,"Price, Mike"
101179,"Price, Ronnie"
77882,"Price, Tony"
77886,"Priddy, Bob"
203143,"Prigioni, Pablo"
2419,"Prince, Tayshaun"
77887,"Pritchard, John"
340,"Pritchard, Kevin"
1919,"Profit, Laron"
201172,"Pruitt, Gabe"
2038,"Przybilla, Joel"
77888,"Pugh, Les"
77889,"Pugh, Roy"
77890,"Pullard, Anthony"
77891,"Putman, Don"
77892,"Quick, Bob"
200809,"Quinn, Chris"
77893,"Quinnett, Brian"
77894,"Rackley, Luke"
77895,"Rader, Howie"
77896,"Radford, Mark"
77897,"Radford, Wayne"
129,"Radja, Dino"
2209,"Radmanovic, Vladimir"
1893,"Radojevic, Aleksandar"
77899,"Radovich, Frank"
77900,"Radovich, Moe"
203545,"Raduljica, Miroslav"
77901,"Radziszewski, Ray"
77902,"Ragelis, Ray"
77903,"Raiken, Sherwin"
77904,"Rains, Ed"
2080,"Rakocevic, Igor"
77905,"Rambis, Kurt"
2762,"Ramos, Peter"
77906,"Ramsey, Cal"
77907,"Ramsey, Frank"
77908,"Ramsey, Ray"
1821,"Randall, Mark"
203944,"Randle, Julius"
201576,"Randolph, Anthony"
101183,"Randolph, Shavlik"
2216,"Randolph, Zach"
77910,"Rank, Wally"
77911,"Ransey, Kelvin"
77912,"Ranzino, Sam"
78656,"Rasmussen, Blair"
77913,"Ratkovicz, George"
77914,"Ratleff, Ed"
77915,"Ratliff, Mike"
689,"Ratliff, Theo"
202360,"Rautins, Andy"
77916,"Rautins, Leo"
200810,"Ray, Allan"
77917,"Ray, Clifford"
77918,"Ray, Don"
77920,"Ray, Jamesearl"
77919,"Ray, Jim"
77921,"Raymond, Craig"
77922,"Rea, Connie"
77923,"Reaves, Joe"
1442,"Rebraca, Zeljko"
695,"Recasner, Eldridge"
2072,"Redd, Michael"
77925,"Reddout, Frank"
200755,"Redick, JJ"
77926,"Redmond, Marlon"
77927,"Reed, Hub"
2770,"Reed, Justin"
77928,"Reed, Ron"
203186,"Reed, Willie"
77929,"Reed, Willis"
735,"Reeves, Bryant"
234,"Reeves, Khalid"
77932,"Regan, Richie"
77933,"Rehfeldt, Don"
77937,"Reid, Billy"
690,"Reid, Don"
462,"Reid, J.R."
77935,"Reid, Jim"
77936,"Reid, Robert"
202385,"Reid, Ryan"
2876,"Reiner, Jared"
77938,"Reiser, Joseph"
77939,"Rellford, Richard"
720,"Rencher, Terrence"
77941,"Rennicke, John"
77942,"Rensberger, Rob"
981,"Rentzias, Efthimios"
704,"Respert, Shawn"
77944,"Restani, Kevin"
77945,"Reynolds, George"
77946,"Reynolds, Jerry"
77947,"Rhodes, Gene"
1518,"Rhodes, Rodrick"
779,"Rice, Glen"
203318,"Rice Jr., Glen"
201181,"Richard, Chris"
77950,"Richardson, Clint"
2202,"Richardson, Jason"
200978,"Richardson, Jeremy"
1626196,"Richardson, Josh"
77952,"Richardson, Micheal Ray"
2369,"Richardson, Norman"
71,"Richardson, Pooh"
2047,"Richardson, Quentin"
782,"Richmond, Mitch"
77954,"Richter, John"
77955,"Ricketts, Dick"
375,"Rider, Isaiah"
77957,"Ridgle, Jackie"
2557,"Ridnour, Luke"
77958,"Riebe, Mel"
77959,"Riffey, Jim"
2541,"Rigaudeau, Antoine"
77960,"Riker, Tom"
77963,"Riley, Bob"
35,"Riley, Eric"
77962,"Riley, Pat"
77964,"Riley, Ron"
77965,"Rinaldi, Rich"
77966,"Riordan, Mike"
77967,"Risen, Arnie"
77968,"Ritter, Goebel"
77969,"Rivas, Ramon"
203085,"Rivers, Austin"
77970,"Rivers, David"
470,"Rivers, Doc"
77972,"Robbins, Lee"
203460,"Roberson, Andre"
101194,"Roberson, Anthony"
77973,"Roberson, Rick"
2121,"Roberson, Terrance"
77975,"Roberts, Anthony"
77979,"Roberts, Bill"
203148,"Roberts, Brian"
122,"Roberts, Fred"
77977,"Roberts, Joe"
101160,"Roberts, Lawrence"
77978,"Roberts, Marv"
914,"Roberts, Stanley"
926,"Robertson, Alvin"
600015,"Robertson, Oscar"
1926,"Robertson, Ryan"
77983,"Robertson, Tony"
77984,"Robey, Rick"
2774,"Robinson, Bernard"
997,"Robinson, Chris"
77986,"Robinson, Cliff T."
361,"Robinson, Clifford"
764,"Robinson, David"
1944,"Robinson, Eddie"
77988,"Robinson, Flynn"
299,"Robinson, Glenn"
203922,"Robinson, Glenn"
77989,"Robinson, Jackie"
1554,"Robinson, Jamal"
381,"Robinson, James"
1683,"Robinson, Larry"
101126,"Robinson, Nate"
77994,"Robinson, Oliver"
716,"Robinson, Rumeal"
203080,"Robinson, Thomas"
77993,"Robinson, Truck"
77996,"Robinson, Wayne"
77997,"Robinzine, Bill"
77998,"Robisch, Dave"
77999,"Rocha, Red"
78000,"Roche, John"
78001,"Rock, Gene"
78002,"Rocker, Jack"
78003,"Rodgers, Guy"
23,"Rodman, Dennis"
200771,"Rodriguez, Sergio"
691,"Roe, Lou"
435,"Rogers, Carlos"
78007,"Rogers, Johnny"
78008,"Rogers, Marshall"
915,"Rogers, Rodney"
964,"Rogers, Roy"
78010,"Roges, Al"
78011,"Rohloff, Ken"
202375,"Rolle, Magnum"
78012,"Rollins, Kenny"
78013,"Rollins, Phil"
78014,"Rollins, Tree"
78015,"Romar, Lorenzo"
200765,"Rondo, Rajon"
399,"Rooks, Sean"
201565,"Rose, Derrick"
147,"Rose, Jalen"
990,"Rose, Malik"
78016,"Rose, Robert"
78017,"Rosenberg, Alexander"
78018,"Rosenbluth, Lennie"
78019,"Rosenstein, Hank"
78020,"Rosenthal, Dick"
2624,"Ross, Quinton"
203082,"Ross, Terrence"
78021,"Roth, Doug"
78022,"Roth, Scott"
78023,"Rothenberg, Irv"
78024,"Rottner, Mickey"
78025,"Roundfield, Dan"
78026,"Roux, Giff"
78027,"Rowan, Ron"
78028,"Rowe, Curtis"
78029,"Rowinski, Jim"
78030,"Rowland, Derrick"
78031,"Rowsom, Brian"
200750,"Roy, Brandon"
140,"Royal, Donald"
78033,"Royer, Bob"
32,"Rozier, Clifford"
1626179,"Rozier, Terry"
201937,"Rubio, Ricky"
2462,"Rucker, Guy"
78035,"Rudd, Delaney"
78036,"Rudd, John"
204014,"Rudez, Damjan"
78037,"Rudometkin, John"
1913,"Ruffin, Michael"
460,"Ruffin, Trevor"
78039,"Ruffner, Paul"
78040,"Ruklick, Joe"
78041,"Ruland, Jeff"
78042,"Rule, Bob"
78043,"Rullo, Jerry"
474,"Rusconi, Stefano"
201575,"Rush, Brandon"
2416,"Rush, Kareem"
78049,"Russell, Bill"
935,"Russell, Bryon"
78047,"Russell, Campy"
78045,"Russell, Cazzie"
1626156,"Russell, D'Angelo"
78046,"Russell, Frank"
78048,"Russell, Walker"
201041,"Russell, Walker"
717,"Sabonis, Arvydas"
203135,"Sacre, Robert"
78050,"Sadowski, Ed"
78051,"Sailors, Kenny"
927,"Salley, John"
2422,"Salmons, John"
1089,"Salvadori, Kevin"
2066,"Samake, Soumaila"
200798,"Samb, Cheikh"
203960,"Sampson, JaKarr"
2441,"Sampson, Jamal"
78055,"Sampson, Ralph"
202396,"Samuels, Samardo"
2143,"Sanchez, Juan"
78057,"Sanders, Frankie"
1874,"Sanders, Jeff"
202336,"Sanders, Larry"
2684,"Sanders, Melvin"
78059,"Sanders, Mike"
78060,"Sanders, Thomas"
2091,"Santiago, Daniel"
78061,"Santini, Bob"
78062,"Sappleton, Wayne"
987,"Sasser, Jason"
2219,"Sasser, Jeryl"
2261,"Satterfield, Kenny"
78063,"Saul, Frank"
78064,"Sauldsberry, Woody"
78065,"Saunders, Fred"
78066,"Savage, Don"
2453,"Savovic, Predrag"
78067,"Sawyer, Alan"
2243,"Scalabrine, Brian"
2637,"Scales, Alex"
78068,"Scales, Dewayne"
78069,"Schade, Frank"
78070,"Schadler, Ben"
78071,"Schaefer, Herm"
78072,"Schafer, Bob"
78073,"Scharnus, Ben"
78074,"Schatzman, Marv"
78075,"Schaus, Fred"
7,"Schayes, Dan"
78076,"Schayes, Dolph"
78078,"Schectman, Ossie"
88,"Scheffler, Steve"
78080,"Scheffler, Tom"
78081,"Schellhase, Dave"
101195,"Schenscher, Luke"
78082,"Scherer, Herb"
368,"Schintzius, Dwayne"
78084,"Schlueter, Dale"
78085,"Schnellbacher, Otto"
78086,"Schnittker, Dick"
78087,"Schoene, Russ"
78088,"Scholz, Dave"
78089,"Schoon, Milt"
96,"Schrempf, Detlef"
203471,"Schroder, Dennis"
78091,"Schultz, Howie"
78092,"Schulz, Dick"
78093,"Schweitz, John"
2449,"Scola, Luis"
78094,"Scolari, Freddie"
78095,"Scott, Alvin"
1064,"Scott, Brent"
2,"Scott, Byron"
78097,"Scott, Charlie"
192,"Scott, Dennis"
1109,"Scott, James"
203118,"Scott, Mike"
78100,"Scott, Ray"
1035,"Scott, Shawnelle"
78102,"Scurry, Carey"
78103,"Seals, Bruce"
1578,"Seals, Shea"
907,"Sealy, Malik"
78105,"Searcy, Ed"
78106,"Sears, Ken"
78107,"See, Wayne"
200757,"Sefolosha, Thabo"
938,"Seikaly, Rony"
78109,"Selbo, Glen"
202729,"Selby, Josh"
78110,"Sellers, Brad"
78111,"Sellers, Phil"
78112,"Seltz, Rollie"
78113,"Selvy, Frank"
78114,"Seminoff, Jim"
200754,"Sene, Mouhamed"
78115,"Senesky, George"
202338,"Seraphin, Kevin"
1738,"Sesay, Ansu"
201196,"Sessions, Ramon"
2775,"Seung-Jin, Ha"
78116,"Sewell, Tom"
78117,"Seymour, Paul"
78118,"Shaback, Nick"
1593,"Shackleford, Charles"
78120,"Shaeffer, Carl"
78121,"Shaffer, Lee"
201203,"Shakur, Mustafa"
1539,"Shammgod, God"
78123,"Shannon, Earl"
78124,"Shannon, Howie"
78125,"Share, Charlie"
78126,"Sharman, Bill"
201594,"Sharpe, Walter"
1117,"Shasky, John"
78128,"Shavlik, Ron"
216,"Shaw, Brian"
1745,"Shaw, Casey"
78130,"Shea, Bob"
78131,"Sheffield, Fred"
78132,"Shelton, Craig"
78133,"Shelton, Lonnie"
203129,"Shengelia, Tornike"
1852,"Sheppard, Jeff"
78135,"Sheppard, Steve"
78136,"Sherod, Edmund"
78653,"Shipp, Charlie"
2321,"Shirley, Paul"
78138,"Short, Gene"
78139,"Short, Purvis"
78140,"Shouse, Dexter"
78141,"Shrider, Dick"
78142,"Shue, Gene"
78143,"Shumate, John"
202697,"Shumpert, Iman"
203144,"Shved, Alexey"
78144,"Sibert, Sam"
78145,"Sibley, Mark"
78146,"Sichting, Jerry"
78147,"Siegfried, Larry"
78148,"Siewert, Ralph"
78149,"Sikma, Jack"
78150,"Silas, James"
78151,"Silas, Paul"
202918,"Silas, Xavier"
202081,"Siler, Garret"
78152,"Silliman, Mike"
101134,"Simien, Wayne"
2250,"Simmons, Bobby"
200759,"Simmons, Cedric"
78153,"Simmons, Connie"
78154,"Simmons, Johnny"
203613,"Simmons, Jonathon"
1489,"Simmons, Lionel"
1750,"Simon, Miles"
54,"Simpkins, Dickey"
202067,"Simpson, Diamon"
78157,"Simpson, Ralph"
1591,"Sims, Alvin"
78160,"Sims, Bob"
201235,"Sims, Courtney"
78159,"Sims, Doug"
203156,"Sims, Henry"
78161,"Sims, Scott"
202713,"Singler, Kyle"
201606,"Singletary, Sean"
202698,"Singleton, Chris"
101189,"Singleton, James"
78162,"Singleton, Mckinley"
78163,"Sinicola, Zeke"
78164,"Sitton, Charlie"
203491,"Siva, Peyton"
101,"Skiles, Scott"
78167,"Skinner, Al"
1730,"Skinner, Brian"
78168,"Skinner, Talvin"
78169,"Skoog, Whitey"
78170,"Slade, Jeff"
1073,"Slater, Reggie"
78171,"Slaughter, Jim"
78172,"Slaughter, Jose"
2447,"Slay, Tamar"
202388,"Sloan, Donald"
78173,"Sloan, Jerry"
101166,"Slokar, Uros"
78174,"Sluby, Tom"
78175,"Smart, Keith"
203935,"Smart, Marcus"
78176,"Smawley, Belus"
78177,"Smiley, Jack"
78178,"Smith, Adrian"
78207,"Smith, Bill"
78209,"Smith, Bill"
78202,"Smith, Bingo"
78203,"Smith, Bobby"
293,"Smith, Charles"
1520,"Smith, Charles"
78179,"Smith, Charles"
1814,"Smith, Chris"
203147,"Smith, Chris"
78181,"Smith, Clinton"
200783,"Smith, Craig"
78182,"Smith, Deb"
78183,"Smith, Derek"
78184,"Smith, Don"
78185,"Smith, Donald"
2764,"Smith, Donta"
475,"Smith, Doug"
78187,"Smith, Ed"
78188,"Smith, Elmore"
78189,"Smith, Garfield"
78190,"Smith, Greg"
202962,"Smith, Greg"
202397,"Smith, Ish"
2747,"Smith, J.R."
2074,"Smith, Jabari"
201160,"Smith, Jason"
202536,"Smith, Jerry"
78191,"Smith, Jim"
693,"Smith, Joe"
2746,"Smith, Josh"
78192,"Smith, Keith"
181,"Smith, Kenny"
78194,"Smith, Labradford"
78195,"Smith, Larry"
1910,"Smith, Leon"
63,"Smith, Michael"
78197,"Smith, Michael"
2065,"Smith, Mike"
202701,"Smith, Nolan"
78198,"Smith, Otis"
78199,"Smith, Phil"
78200,"Smith, Randy"
78201,"Smith, Reggie"
78204,"Smith, Robert"
203893,"Smith, Russ"
78205,"Smith, Sammy"
120,"Smith, Steven"
200848,"Smith, Steven"
1478,"Smith, Stevin"
2604,"Smith, Theron"
380,"Smith, Tony"
78208,"Smith, Willie"
22,"Smits, Rik"
1091,"Smrek, Mike"
78212,"Smyth, Joe"
203503,"Snell, Tony"
727,"Snow, Eric"
78213,"Snyder, Dick"
2745,"Snyder, Kirk"
78214,"Sobek, George"
78215,"Sobers, Ricky"
78216,"Sobie, Ron"
78217,"Sojourner, Mike"
2226,"Solomon, Will"
78219,"Somerset, Willie"
2443,"Songaila, Darius"
78220,"Sorenson, Dave"
203480,"Southerland, James"
78221,"Sovran, Gino"
2776,"Sow, Pape"
78222,"Spanarkel, Jim"
2779,"Spanoulis, Vassilis"
78223,"Sparrow, Guy"
600009,"Sparrow, Rory"
78225,"Spears, Odie"
78226,"Spector, Art"
201578,"Speights, Marreese"
78227,"Spencer, Andre"
771,"Spencer, Elmore"
280,"Spencer, Felton"
78230,"Spicer, Lou"
78231,"Spitzer, Craig"
201168,"Splitter, Tiago"
78232,"Spoelstra, Art"
84,"Sprewell, Latrell"
78233,"Spriggs, Larry"
78234,"Springer, Jim"
78235,"Spruill, Jim"
1756,"Stack, Ryan"
711,"Stackhouse, Jerry"
78237,"Stacom, Kevin"
78238,"Stallworth, Dave"
78239,"Stallworth, Isaac"
78240,"Stanczak, Ed"
78241,"Stansbury, Terence"
317,"Starks, John"
78243,"Starr, Keith"
203917,"Stauskas, Nik"
78244,"Staverman, Larry"
78245,"Steele, Larry"
1099,"Steigenga, Matt"
1735,"Stepania, Vladimir"
203474,"Stephens, DJ"
78247,"Stephens, Everette"
78249,"Stephens, Jack"
1086,"Stephens, Joe"
202362,"Stephenson, Lance"
78250,"Steppe, Brook"
78251,"Stevens, Barry"
78252,"Stevens, Wayne"
2052,"Stevenson, DeShawn"
78253,"Stewart, Dennis"
1529,"Stewart, Kebu"
1125,"Stewart, Larry"
1565,"Stewart, Michael"
78256,"Stewart, Norm"
201880,"Stiemsma, Greg"
78257,"Stipanovich, Steve"
179,"Stith, Bryant"
78259,"Stith, Sam"
78260,"Stith, Tom"
78261,"Stivrins, Alex"
204065,"Stockton, David"
304,"Stockton, John"
978,"Stojakovic, Peja"
1055,"Stokes, Ed"
78264,"Stokes, Greg"
203950,"Stokes, Jarnell"
600016,"Stokes, Maurice"
78266,"Stolkey, Art"
202933,"Stone, Julyan"
2852,"Storey, Awvee"
757,"Stoudamire, Damon"
101136,"Stoudamire, Salim"
2405,"Stoudemire, Amar'e"
78267,"Stovall, Paul"
201199,"Strawberry, DJ"
78268,"Strawder, Joe"
78269,"Stricker, Bill"
1065,"Strickland, Erick"
1110,"Strickland, Mark"
393,"Strickland, Rod"
78270,"Strickland, Roger"
78271,"Stroeder, John"
400,"Strong, Derek"
78273,"Strothers, Lamont"
78274,"Stroud, John"
201155,"Stuckey, Rodney"
78275,"Stump, Gene"
78276,"Stutz, Stan"
78277,"Suiter, Gary"
203096,"Sullinger, Jared"
201969,"Summers, DaJuan"
78654,"Sumpter, Barry"
78278,"Sunderlage, Don"
1743,"Sundov, Bruno"
78279,"Sundvold, Jon"
682,"Sura, Bob"
78280,"Surhoff, Dick"
78281,"Suttle, Dane"
357,"Sutton, Greg"
78283,"Swain, Bennie"
78284,"Swanson, Norm"
78285,"Swartz, Dan"
2552,"Sweetney, Michael"
2741,"Swift, Robert"
2031,"Swift, Stromile"
78286,"Swinson, Aaron"
202377,"Sy, Pape"
78287,"Sydnor, Wallace"
1132,"Sykes, Larry"
1136,"Szabo, Brett"
1887,"Szczerbiak, Wally"
440,"Tabak, Zan"
2657,"Tabuse, Yuta"
101147,"Taft, Chris"
78291,"Tannenbaum, Sid"
1434,"Tarlac, Dragan"
78293,"Tarpley, Roy"
78294,"Tatum, Earl"
204002,"Tavares, Walter"
78295,"Taylor, Anthony"
78296,"Taylor, Brian"
101182,"Taylor, Donell"
78298,"Taylor, Fred"
78297,"Taylor, Jay"
78299,"Taylor, Jeff"
203106,"Taylor, Jeff"
201966,"Taylor, Jermaine"
1511,"Taylor, Johnny"
78301,"Taylor, Leonard"
1508,"Taylor, Maurice"
201446,"Taylor, Mike"
78302,"Taylor, Roland"
203116,"Taylor, Tyshawn"
78303,"Taylor, Vince"
78304,"Teagle, Terry"
201952,"Teague, Jeff"
203104,"Teague, Marquis"
203141,"Teletovic, Mirza"
2742,"Telfair, Sebastian"
202066,"Temple, Garrett"
78305,"Terrell, Ira"
78307,"Terry, Carlos"
78306,"Terry, Chuck"
78308,"Terry, Claude"
1891,"Terry, Jason"
201934,"Thabeet, Hasheem"
78309,"Thacker, Tom"
78310,"Theus, Reggie"
78311,"Thibeaux, Peter"
78312,"Thieben, Bill"
78313,"Thigpen, Justus"
78314,"Thirdkill, David"
203519,"Thomas, Adonis"
2873,"Thomas, Billy"
1063,"Thomas, Carl"
78316,"Thomas, Charles"
2041,"Thomas, Etan"
78317,"Thomas, Irving"
202738,"Thomas, Isaiah"
78318,"Thomas, Isiah"
1975,"Thomas, Jamel"
2839,"Thomas, James"
78320,"Thomas, Jim"
78321,"Thomas, Joe"
1519,"Thomas, John"
1903,"Thomas, Kenny"
703,"Thomas, Kurt"
202498,"Thomas, Lance"
202952,"Thomas, Malcolm"
78322,"Thomas, Terry"
1501,"Thomas, Tim"
200748,"Thomas, Tyrus"
202717,"Thompkins, Trey"
78323,"Thompson, Bernard"
1631,"Thompson, Billy"
240,"Thompson, Brooks"
78325,"Thompson, Corny"
78326,"Thompson, David"
101159,"Thompson, Dijon"
78327,"Thompson, George"
203138,"Thompson, Hollis"
201574,"Thompson, Jason"
78328,"Thompson, John"
78329,"Thompson, Kevin"
202691,"Thompson, Klay"
78,"Thompson, LaSalle"
78331,"Thompson, Mychal"
202814,"Thompson, Mychel"
78332,"Thompson, Paul"
78333,"Thompson, Stephen"
202684,"Thompson, Tristan"
78335,"Thorn, Rod"
201154,"Thornton, Al"
738,"Thornton, Bob"
201977,"Thornton, Marcus"
901,"Thorpe, Otis"
9,"Threatt, Sedale"
600001,"Thurmond, Nate"
78340,"Thurston, Mel"
78341,"Tidrick, Howard"
78342,"Tieman, Dan"
78343,"Tillis, Darren"
78344,"Tingle, Jack"
2224,"Tinsley, Jamaal"
47,"Tisdale, Wayman"
78346,"Todorovich, Marko"
78348,"Tolbert, Ray"
78347,"Tolbert, Tom"
201229,"Tolliver, Anthony"
78349,"Tolson, Dean"
78350,"Tomjanovich, Rudy"
78351,"Toney, Andrew"
78352,"Toney, Sedric"
78353,"Tonkovich, Andy"
342,"Toolson, Andy"
78355,"Toomay, Jack"
78356,"Toone, Bernard"
78357,"Torgoff, Irv"
78358,"Tormohlen, Gene"
2351,"Torres, Oscar"
78359,"Tosheff, Bill"
78360,"Tough, Bob"
78361,"Towe, Monte"
700,"Tower, Keith"
78363,"Towery, William"
78364,"Townes, Linton"
1626157,"Towns, Karl-Anthony"
78365,"Townsend, Raymond"
78366,"Trapp, George"
78367,"Trapp, John"
1714,"Traylor, Robert"
718,"Trent, Gary"
2244,"Trepagnier, Jeff"
78651,"Tresvant, John"
78368,"Triptow, Dick"
78369,"Tripucka, Kelly"
2456,"Trybanski, Cezary"
2054,"Tsakalidis, Jake"
78370,"Tschogl, John"
78371,"Tsioropoulos, Lou"
2401,"Tskitishvili, Nikoloz"
78372,"Tucker, Al"
201169,"Tucker, Alando"
141,"Tucker, Anthony"
78374,"Tucker, Jim"
200782,"Tucker, PJ"
78375,"Tucker, Trent"
101142,"Turiaf, Ronny"
1726,"Turkcan, Mirsad"
2045,"Turkoglu, Hedo"
78377,"Turner, Andre"
78385,"Turner, Bill"
78378,"Turner, Elston"
202323,"Turner, Evan"
78379,"Turner, Henry"
78380,"Turner, Jack"
78382,"Turner, Jack"
78381,"Turner, Jeff"
1819,"Turner, John"
1626167,"Turner, Myles"
1943,"Turner, Wayne"
78386,"Turpin, Mel"
78387,"Twardzik, Dave"
78388,"Twyman, Jack"
189,"Tyler, B.J."
202719,"Tyler, Jeremy"
78390,"Tyler, Terry"
78391,"Tyra, Charlie"
202775,"Ubiles, Edwin"
202327,"Udoh, Ekpe"
2137,"Udoka, Ime"
2757,"Udrih, Beno"
101146,"Ukic, Roko Leni"
78392,"Unseld, Wes"
78393,"Uplinger, Hal"
78394,"Upshaw, Kelvin"
202386,"Uzoh, Ben"
201987,"Vaden, Robert"
202685,"Valanciunas, Jonas"
78395,"Valentine, Darnell"
78396,"Valentine, Ron"
78397,"Vallely, John"
78398,"Van Arsdale, Dick"
78399,"Van Arsdale, Tom"
78401,"Van Breda Kolff, Butch"
78400,"Van Breda Kolff, Jan"
89,"Van Exel, Nick"
1496,"Van Horn, Keith"
78406,"Van Lier, Norm"
78402,"Vance, Gene"
78403,"Vander Velden, Log"
78405,"Vandeweghe, Ernie"
78404,"Vandeweghe, Kiki"
78407,"Vanos, Nick"
2128,"Vanterpool, David"
2237,"Varda, Ratko"
2760,"Varejao, Anderson"
202363,"Varnado, Jarvis"
202349,"Vasquez, Greivis"
78409,"Vaughn, Charles"
710,"Vaughn, David"
1521,"Vaughn, Jacque"
1626173,"Vaughn, Rashad"
78411,"Vaughn, Virgil"
919,"Vaught, Loy"
78413,"Verga, Bob"
78414,"Verhoeven, Peter"
202686,"Vesely, Jan"
78415,"Vetra, Gundars"
78416,"Vianna, Joao"
101111,"Villanueva, Charlie"
78418,"Vincent, Jay"
78417,"Vincent, Sam"
200790,"Vinicius, Marcus"
1844,"Vinson, Fred"
78419,"Voce, Gary"
78420,"Volker, Floyd"
78421,"Volkov, Alexander"
78422,"Von Nieda, Whitey"
203943,"Vonleh, Noah"
2063,"Voskuhl, Jake"
78423,"Vranes, Danny"
2582,"Vranes, Slavko"
1037,"Vrankovic, Stojko"
78425,"Vroman, Brett"
2761,"Vroman, Jackson"
202696,"Vucevic, Nikola"
2756,"Vujacic, Sasha"
2548,"Wade, Dwyane"
78426,"Wade, Mark"
101144,"Wafer, Von"
78427,"Wager, Clint"
2402,"Wagner, Dajuan"
78428,"Wagner, Danny"
78429,"Wagner, Milt"
203079,"Waiters, Dion"
78430,"Waiters, Granville"
78431,"Wakefield, Andre"
78432,"Walk, Neal"
78433,"Walker, Andy"
952,"Walker, Antoine"
78434,"Walker, Brady"
78435,"Walker, Chet"
78437,"Walker, Darrell"
78436,"Walker, Foots"
201611,"Walker, Henry"
78438,"Walker, Horace"
78439,"Walker, Jimmy"
202689,"Walker, Kemba"
78440,"Walker, Kenny"
78441,"Walker, Phil"
955,"Walker, Samaki"
78442,"Walker, Wally"
202322,"Wall, John"
1112,"Wallace, Ben"
2222,"Wallace, Gerald"
961,"Wallace, John"
78443,"Wallace, Michael"
739,"Wallace, Rasheed"
78444,"Waller, Dwight"
78445,"Waller, Jamie"
78446,"Walsh, Jim"
101190,"Walsh, Matt"
777,"Walters, Rex"
78447,"Walther, Paul"
78448,"Walthour, Rabbit"
78450,"Walton, Bill"
78449,"Walton, Lloyd"
2575,"Walton, Luke"
78453,"Wanzer, Bobby"
78454,"Warbington, Perry"
369,"Ward, Charlie"
78455,"Ward, Gerry"
78456,"Ward, Henry"
203810,"Ware, Casper"
78457,"Ware, Jim"
78458,"Warley, Ben"
78459,"Warlick, Bob"
78460,"Warner, Cornell"
78461,"Warren, Johnny"
203933,"Warren, TJ"
202378,"Warren, Willie"
78462,"Warrick, Bryan"
101124,"Warrick, Hakim"
78463,"Washburn, Chris"
78469,"Washington, Bobby"
200827,"Washington, Darius"
78464,"Washington, Duane"
78465,"Washington, Dwayne"
1540,"Washington, Eric"
78466,"Washington, Jim"
78467,"Washington, Kermit"
78468,"Washington, Richard"
78470,"Washington, Stan"
78471,"Washington, Wilson"
201208,"Watkins, Darryl"
201228,"Watson, CJ"
2248,"Watson, Earl"
320,"Watson, Jamie"
78474,"Watts, Ron"
78473,"Watts, Slick"
203146,"Wayns, Maalik"
204033,"Wear, David"
204037,"Wear, Travis"
221,"Weatherspoon, Clar."
78475,"Weatherspoon, Nick"
201602,"Weaver, Kyle"
78477,"Webb, Jeff"
78478,"Webb, Marcus"
892,"Webb, Spud"
185,"Webber, Chris"
78479,"Weber, Forest"
1067,"Webster, Jeff"
101110,"Webster, Martell"
78481,"Webster, Marvin"
78482,"Wedman, Scott"
201603,"Weems, Sonny"
78483,"Wehr, Dick"
78484,"Weidner, Brant"
78485,"Weiss, Bob"
78486,"Weitzman, Rick"
1719,"Wells, Bonzi"
1528,"Wells, Bubba"
78488,"Wells, Owen"
78489,"Wells, Ralph"
1846,"Welp, Chris"
2412,"Welsch, Jiri"
82,"Wennington, Bill"
78492,"Wenstrom, Matt"
438,"Werdann, Robert"
78494,"Wertis, Ray"
133,"Wesley, David"
78495,"Wesley, Walt"
2561,"West, David"
2753,"West, Delonte"
28,"West, Doug"
78497,"West, Jerry"
201238,"West, Mario"
770,"West, Mark"
78499,"West, Roland"
201566,"Westbrook, Russell"
78500,"Westphal, Paul"
78501,"Wetzel, John"
101156,"Whaley, Robert"
941,"Whatley, Ennis"
1545,"Wheat, DeJuan"
78504,"Wheeler, Clinton"
1755,"Wheeler, Tyson"
78506,"Whitaker, Lucian"
201591,"White, DJ"
78507,"White, Eric"
78508,"White, Herb"
78509,"White, Hubie"
1751,"White, Jahidi"
200778,"White, James"
78510,"White, Jojo"
1839,"White, Randy"
2206,"White, Rodney"
78512,"White, Rory"
203091,"White, Royce"
78513,"White, Rudy"
202358,"White, Terrico"
78514,"White, Tony"
78515,"White, Willie"
78516,"Whitehead, Jerome"
1126,"Whiteside, Donald"
202355,"Whiteside, Hassan"
730,"Whitfield, Dwayne"
78519,"Whitney, Charles"
43,"Whitney, Chris"
203963,"Whittington, Shayne"
78520,"Wicks, Sidney"
78521,"Wier, Murray"
78522,"Wiesenhahn, Bob"
203952,"Wiggins, Andrew"
78523,"Wiggins, Mitchell"
78524,"Wilburn, Ken"
203912,"Wilcox, CJ"
2404,"Wilcox, Chris"
78525,"Wilcutt, D.C."
78526,"Wiley, Gene"
78527,"Wiley, Michael"
78528,"Wiley, Morlon"
78529,"Wilfong, Win"
78530,"Wilkens, Lenny"
78531,"Wilkerson, Bob"
78532,"Wilkes, Jamaal"
78533,"Wilkes, James"
2863,"Wilkins, Damien"
1122,"Wilkins, Dominique"
78534,"Wilkins, Eddielee"
786,"Wilkins, Gerald"
78537,"Wilkins, Jeff"
78538,"Wilkinson, Dale"
2366,"Wilks, Mike"
1425,"Williams, Aaron"
1541,"Williams, Alvin"
78539,"Williams, Arthur"
78540,"Williams, Bernie"
78564,"Williams, Bob"
1585,"Williams, Brandon"
433,"Williams, Buck"
78547,"Williams, Chuck"
78541,"Williams, Chuckie"
78543,"Williams, Cliff"
101258,"Williams, Corey"
101114,"Williams, Deron"
202682,"Williams, Derrick"
78545,"Williams, Don"
78546,"Williams, Earl"
202343,"Williams, Elliot"
677,"Williams, Eric"
2421,"Williams, Frank"
78548,"Williams, Freeman"
78549,"Williams, Gus"
78550,"Williams, Guy"
1006,"Williams, Herb"
73,"Williams, Hot Rod"
1715,"Williams, Jason"
101214,"Williams, Jawad"
2398,"Williams, Jay"
420,"Williams, Jayson"
966,"Williams, Jerome"
78554,"Williams, John"
202716,"Williams, Jordan"
200818,"Williams, Justin"
78555,"Williams, Kenny"
78556,"Williams, Kevin"
31,"Williams, Lorenzo"
101150,"Williams, Lou"
200766,"Williams, Marcus"
201173,"Williams, Marcus"
101107,"Williams, Marvin"
52,"Williams, Micheal"
78558,"Williams, Mike"
78560,"Williams, Milt"
2590,"Williams, Mo"
42,"Williams, Monty"
78561,"Williams, Nate"
78566,"Williams, Pete"
78571,"Williams, Ray"
199,"Williams, Reggie"
202130,"Williams, Reggie"
78563,"Williams, Rickey"
78565,"Williams, Rob"
78567,"Williams, Ron"
78568,"Williams, Sam"
78569,"Williams, Samuel"
281,"Williams, Scott"
201157,"Williams, Sean"
1742,"Williams, Shammond"
200761,"Williams, Shawne"
200749,"Williams, Shelden"
78570,"Williams, Sly"
201944,"Williams, Terrence"
1576,"Williams, Travis"
1005,"Williams, Walt"
78573,"Williams, Ward"
78574,"Williams, Willie"
722,"Williamson, Corliss"
78575,"Williamson, John"
788,"Willis, Kevin"
78577,"Willoughby, Bill"
2000,"Willoughby, Dedric"
78586,"Wilson, Bob"
78585,"Wilson, Bobby"
78579,"Wilson, George"
78580,"Wilson, Isaiah"
78581,"Wilson, Mike"
78582,"Wilson, Nikita"
78578,"Wilson, Othell"
78583,"Wilson, Rick"
78584,"Wilson, Ricky"
78587,"Wilson, Thomas"
1027,"Wilson, Trevor"
78589,"Winchester, Kennard"
78590,"Windis, Tony"
78591,"Windsor, John"
78592,"Winfield, Lee"
766,"Wingate, David"
112,"Wingfield, Dontonio"
78596,"Wingo, Harthorne"
78597,"Winkler, Marv"
1626159,"Winslow, Justise"
1984,"Winslow, Rickie"
1868,"Winter, Trevor"
78600,"Winters, Brian"
78601,"Winters, Voise"
78602,"Wise, Willie"
203481,"Withey, Jeff"
78603,"Witte, Luke"
1456,"Wittman, Randy"
78605,"Witts, Garry"
78606,"Wohl, Dave"
341,"Wolf, Joe"
2106,"Wolkowyski, Ruben"
203489,"Wolters, Nate"
78610,"Wood, Al"
78612,"Wood, Bob"
1626174,"Wood, Christian"
116,"Wood, David"
78609,"Wood, Howard"
78611,"Wood, Leon"
2254,"Woods, Loren"
2417,"Woods, Qyntel"
1010,"Woods, Randy"
78614,"Woodson, Mike"
78615,"Woolridge, Orlando"
906,"Workman, Haywoode"
78616,"Workman, Mark"
78617,"Workman, Tom"
1897,"World Peace, Metta"
78618,"Worthen, Sam"
1460,"Worthy, James"
101120,"Wright, Antoine"
101152,"Wright, Bracey"
78620,"Wright, Brad"
201148,"Wright, Brandan"
202874,"Wright, Chris"
203203,"Wright, Chris"
1626153,"Wright, Delon"
2748,"Wright, Dorell"
78621,"Wright, Howard"
78622,"Wright, Joby"
201153,"Wright, Julian"
78623,"Wright, Larry"
953,"Wright, Lorenzen"
1007,"Wright, Luther"
412,"Wright, Sharone"
203100,"Wroten, Tony"
78627,"Wynder, A.J."
2397,Yao Ming
2428,"Yarbrough, Vincent"
78628,"Yardley, George"
78629,"Yates, Barry"
78630,"Yates, Wayne"
78631,"Yelverton, Charlie"
201146,Yi Jianlian
78632,"Yonakor, Rich"
78633,"Young, Danny"
203923,"Young, James"
1626202,"Young, Joe"
1748,"Young, Korleone"
78634,"Young, Michael"
201156,"Young, Nick"
78635,"Young, Perry"
201970,"Young, Sam"
201152,"Young, Thaddeus"
1937,"Young, Tim"
201180,"Yue, Sun"
78638,"Zaslofsky, Max"
78639,"Zawoluk, Robert"
203469,"Zeller, Cody"
78640,"Zeller, Dave"
78641,"Zeller, Gary"
78642,"Zeller, Hank"
202545,"Zeller, Luke"
203092,"Zeller, Tyler"
78643,"Zeno, Tony"
78644,"Zevenbergen, Phil"
1917,"Zhi-zhi, Wang"
678,"Zidek, George"
2583,"Zimmerman, Derrick"
78647,"Zoet, Jim"
78648,"Zopf, Bill"
78650,"Zunic, Matt"
